"fecha_hora","date","hour","O3","PM10","MAX_DIA_O3","MAX_DIA_PM10"
2015-01-01 10:00:00,2015-01-01,10,11,127,49,128
2015-01-01 11:00:00,2015-01-01,11,33,128,49,128
2015-01-01 06:00:00,2015-01-01,6,4,125,49,128
2015-01-01 07:00:00,2015-01-01,7,4,127,49,128
2015-01-01 08:00:00,2015-01-01,8,4,127,49,128
2015-01-01 09:00:00,2015-01-01,9,4,127,49,128
2015-01-02 10:00:00,2015-01-02,10,9,81,28,111
2015-01-02 11:00:00,2015-01-02,11,14,71,28,111
2015-01-02 06:00:00,2015-01-02,6,2,104,28,111
2015-01-02 07:00:00,2015-01-02,7,2,102,28,111
2015-01-02 08:00:00,2015-01-02,8,2,97,28,111
2015-01-02 09:00:00,2015-01-02,9,4,90,28,111
2015-01-05 10:00:00,2015-01-05,10,6,49,19,63
2015-01-05 11:00:00,2015-01-05,11,13,48,19,63
2015-01-05 06:00:00,2015-01-05,6,11,52,19,63
2015-01-05 07:00:00,2015-01-05,7,8,52,19,63
2015-01-05 08:00:00,2015-01-05,8,4,51,19,63
2015-01-05 09:00:00,2015-01-05,9,4,51,19,63
2015-01-06 10:00:00,2015-01-06,10,5,68,30,81
2015-01-06 11:00:00,2015-01-06,11,7,73,30,81
2015-01-06 06:00:00,2015-01-06,6,2,58,30,81
2015-01-06 07:00:00,2015-01-06,7,2,60,30,81
2015-01-06 08:00:00,2015-01-06,8,2,61,30,81
2015-01-06 09:00:00,2015-01-06,9,3,64,30,81
2015-01-07 10:00:00,2015-01-07,10,6,55,33,70
2015-01-07 11:00:00,2015-01-07,11,10,51,33,70
2015-01-07 06:00:00,2015-01-07,6,4,65,33,70
2015-01-07 07:00:00,2015-01-07,7,2,64,33,70
2015-01-07 08:00:00,2015-01-07,8,2,61,33,70
2015-01-07 09:00:00,2015-01-07,9,4,60,33,70
2015-01-08 10:00:00,2015-01-08,10,11,25,28,44
2015-01-08 11:00:00,2015-01-08,11,14,24,28,44
2015-01-08 06:00:00,2015-01-08,6,18,44,28,44
2015-01-08 07:00:00,2015-01-08,7,7,26,28,44
2015-01-08 08:00:00,2015-01-08,8,7,26,28,44
2015-01-08 09:00:00,2015-01-08,9,13,25,28,44
2015-01-09 10:00:00,2015-01-09,10,6,70,43,97
2015-01-09 11:00:00,2015-01-09,11,10,74,43,97
2015-01-09 06:00:00,2015-01-09,6,2,61,43,97
2015-01-09 07:00:00,2015-01-09,7,2,63,43,97
2015-01-09 08:00:00,2015-01-09,8,2,63,43,97
2015-01-09 09:00:00,2015-01-09,9,4,67,43,97
2015-01-12 10:00:00,2015-01-12,10,9,83,118,99
2015-01-12 11:00:00,2015-01-12,11,16,84,118,99
2015-01-12 06:00:00,2015-01-12,6,3,73,118,99
2015-01-12 07:00:00,2015-01-12,7,2,74,118,99
2015-01-12 08:00:00,2015-01-12,8,3,77,118,99
2015-01-12 09:00:00,2015-01-12,9,4,81,118,99
2015-01-13 10:00:00,2015-01-13,10,13,103,122,106
2015-01-13 11:00:00,2015-01-13,11,20,103,122,106
2015-01-13 06:00:00,2015-01-13,6,2,104,122,106
2015-01-13 07:00:00,2015-01-13,7,2,104,122,106
2015-01-13 08:00:00,2015-01-13,8,2,104,122,106
2015-01-13 09:00:00,2015-01-13,9,5,103,122,106
2015-01-14 10:00:00,2015-01-14,10,8,103,111,106
2015-01-14 11:00:00,2015-01-14,11,17,103,111,106
2015-01-14 06:00:00,2015-01-14,6,2,103,111,106
2015-01-14 07:00:00,2015-01-14,7,2,103,111,106
2015-01-14 08:00:00,2015-01-14,8,2,103,111,106
2015-01-14 09:00:00,2015-01-14,9,4,103,111,106
2015-01-15 10:00:00,2015-01-15,10,6,99,112,101
2015-01-15 11:00:00,2015-01-15,11,16,99,112,101
2015-01-15 06:00:00,2015-01-15,6,2,96,112,101
2015-01-15 07:00:00,2015-01-15,7,3,96,112,101
2015-01-15 08:00:00,2015-01-15,8,2,97,112,101
2015-01-15 09:00:00,2015-01-15,9,3,99,112,101
2015-01-16 10:00:00,2015-01-16,10,12,100,100,102
2015-01-16 11:00:00,2015-01-16,11,22,99,100,102
2015-01-16 06:00:00,2015-01-16,6,2,101,100,102
2015-01-16 07:00:00,2015-01-16,7,2,101,100,102
2015-01-16 08:00:00,2015-01-16,8,3,101,100,102
2015-01-16 09:00:00,2015-01-16,9,4,101,100,102
2015-01-19 10:00:00,2015-01-19,10,5,74,57,88
2015-01-19 11:00:00,2015-01-19,11,11,76,57,88
2015-01-19 06:00:00,2015-01-19,6,2,73,57,88
2015-01-19 07:00:00,2015-01-19,7,2,73,57,88
2015-01-19 08:00:00,2015-01-19,8,2,71,57,88
2015-01-19 09:00:00,2015-01-19,9,3,71,57,88
2015-01-20 10:00:00,2015-01-20,10,9,101,116,106
2015-01-20 11:00:00,2015-01-20,11,18,102,116,106
2015-01-20 06:00:00,2015-01-20,6,2,96,116,106
2015-01-20 07:00:00,2015-01-20,7,2,99,116,106
2015-01-20 08:00:00,2015-01-20,8,3,101,116,106
2015-01-20 09:00:00,2015-01-20,9,3,101,116,106
2015-01-21 10:00:00,2015-01-21,10,9,104,55,106
2015-01-21 11:00:00,2015-01-21,11,24,105,55,106
2015-01-21 06:00:00,2015-01-21,6,4,105,55,106
2015-01-21 07:00:00,2015-01-21,7,3,105,55,106
2015-01-21 08:00:00,2015-01-21,8,2,104,55,106
2015-01-21 09:00:00,2015-01-21,9,4,104,55,106
2015-01-22 10:00:00,2015-01-22,10,15,91,40,96
2015-01-22 11:00:00,2015-01-22,11,27,86,40,96
2015-01-22 06:00:00,2015-01-22,6,2,96,40,96
2015-01-22 07:00:00,2015-01-22,7,2,96,40,96
2015-01-22 08:00:00,2015-01-22,8,2,94,40,96
2015-01-22 09:00:00,2015-01-22,9,5,93,40,96
2015-01-23 10:00:00,2015-01-23,10,6,67,57,77
2015-01-23 11:00:00,2015-01-23,11,12,68,57,77
2015-01-23 06:00:00,2015-01-23,6,3,65,57,77
2015-01-23 07:00:00,2015-01-23,7,2,65,57,77
2015-01-23 08:00:00,2015-01-23,8,2,65,57,77
2015-01-23 09:00:00,2015-01-23,9,4,65,57,77
2015-01-26 10:00:00,2015-01-26,10,8,74,51,87
2015-01-26 11:00:00,2015-01-26,11,18,74,51,87
2015-01-26 06:00:00,2015-01-26,6,9,76,51,87
2015-01-26 07:00:00,2015-01-26,7,5,74,51,87
2015-01-26 08:00:00,2015-01-26,8,3,73,51,87
2015-01-26 09:00:00,2015-01-26,9,4,74,51,87
2015-01-27 10:00:00,2015-01-27,10,7,88,63,99
2015-01-27 11:00:00,2015-01-27,11,18,90,63,99
2015-01-27 06:00:00,2015-01-27,6,2,83,63,99
2015-01-27 07:00:00,2015-01-27,7,2,84,63,99
2015-01-27 08:00:00,2015-01-27,8,2,86,63,99
2015-01-27 09:00:00,2015-01-27,9,4,87,63,99
2015-01-28 10:00:00,2015-01-28,10,7,90,36,91
2015-01-28 11:00:00,2015-01-28,11,14,90,36,91
2015-01-28 06:00:00,2015-01-28,6,2,90,36,91
2015-01-28 07:00:00,2015-01-28,7,2,90,36,91
2015-01-28 08:00:00,2015-01-28,8,3,88,36,91
2015-01-28 09:00:00,2015-01-28,9,4,90,36,91
2015-01-29 10:00:00,2015-01-29,10,8,74,32,80
2015-01-29 11:00:00,2015-01-29,11,16,73,32,80
2015-01-29 06:00:00,2015-01-29,6,2,76,32,80
2015-01-29 07:00:00,2015-01-29,7,2,76,32,80
2015-01-29 08:00:00,2015-01-29,8,2,76,32,80
2015-01-29 09:00:00,2015-01-29,9,4,74,32,80
2015-01-30 10:00:00,2015-01-30,10,7,67,46,87
2015-01-30 11:00:00,2015-01-30,11,13,65,46,87
2015-01-30 06:00:00,2015-01-30,6,2,70,46,87
2015-01-30 07:00:00,2015-01-30,7,2,70,46,87
2015-01-30 08:00:00,2015-01-30,8,2,68,46,87
2015-01-30 09:00:00,2015-01-30,9,4,68,46,87
2015-02-02 10:00:00,2015-02-02,10,9,48,42,65
2015-02-02 11:00:00,2015-02-02,11,17,50,42,65
2015-02-02 06:00:00,2015-02-02,6,2,48,42,65
2015-02-02 07:00:00,2015-02-02,7,2,48,42,65
2015-02-02 08:00:00,2015-02-02,8,2,46,42,65
2015-02-02 09:00:00,2015-02-02,9,4,46,42,65
2015-02-03 10:00:00,2015-02-03,10,9,55,22,63
2015-02-03 11:00:00,2015-02-03,11,14,52,22,63
2015-02-03 06:00:00,2015-02-03,6,4,60,22,63
2015-02-03 07:00:00,2015-02-03,7,3,58,22,63
2015-02-03 08:00:00,2015-02-03,8,2,58,22,63
2015-02-03 09:00:00,2015-02-03,9,5,58,22,63
2015-02-04 10:00:00,2015-02-04,10,7,58,49,64
2015-02-04 11:00:00,2015-02-04,11,16,61,49,64
2015-02-04 06:00:00,2015-02-04,6,2,45,49,64
2015-02-04 07:00:00,2015-02-04,7,2,48,49,64
2015-02-04 08:00:00,2015-02-04,8,2,51,49,64
2015-02-04 09:00:00,2015-02-04,9,4,55,49,64
2015-02-05 10:00:00,2015-02-05,10,9,68,59,81
2015-02-05 11:00:00,2015-02-05,11,21,70,59,81
2015-02-05 06:00:00,2015-02-05,6,2,68,59,81
2015-02-05 07:00:00,2015-02-05,7,2,68,59,81
2015-02-05 08:00:00,2015-02-05,8,2,67,59,81
2015-02-05 09:00:00,2015-02-05,9,4,67,59,81
2015-02-06 10:00:00,2015-02-06,10,9,73,73,83
2015-02-06 11:00:00,2015-02-06,11,16,73,73,83
2015-02-06 06:00:00,2015-02-06,6,6,77,73,83
2015-02-06 07:00:00,2015-02-06,7,2,76,73,83
2015-02-06 08:00:00,2015-02-06,8,2,74,73,83
2015-02-06 09:00:00,2015-02-06,9,5,73,73,83
2015-02-09 10:00:00,2015-02-09,10,9,103,39,103
2015-02-09 11:00:00,2015-02-09,11,22,102,39,103
2015-02-09 06:00:00,2015-02-09,6,2,96,39,103
2015-02-09 07:00:00,2015-02-09,7,2,102,39,103
2015-02-09 08:00:00,2015-02-09,8,2,102,39,103
2015-02-09 09:00:00,2015-02-09,9,4,102,39,103
2015-02-10 10:00:00,2015-02-10,10,10,68,90,86
2015-02-10 11:00:00,2015-02-10,11,19,70,90,86
2015-02-10 06:00:00,2015-02-10,6,2,83,90,86
2015-02-10 07:00:00,2015-02-10,7,2,70,90,86
2015-02-10 08:00:00,2015-02-10,8,2,70,90,86
2015-02-10 09:00:00,2015-02-10,9,4,68,90,86
2015-02-11 10:00:00,2015-02-11,10,8,100,104,102
2015-02-11 11:00:00,2015-02-11,11,21,101,104,102
2015-02-11 06:00:00,2015-02-11,6,2,94,104,102
2015-02-11 07:00:00,2015-02-11,7,2,97,104,102
2015-02-11 08:00:00,2015-02-11,8,3,97,104,102
2015-02-11 09:00:00,2015-02-11,9,4,99,104,102
2015-02-12 10:00:00,2015-02-12,10,16,77,41,97
2015-02-12 11:00:00,2015-02-12,11,30,71,41,97
2015-02-12 06:00:00,2015-02-12,6,11,90,41,97
2015-02-12 07:00:00,2015-02-12,7,8,88,41,97
2015-02-12 08:00:00,2015-02-12,8,8,87,41,97
2015-02-12 09:00:00,2015-02-12,9,9,83,41,97
2015-02-13 10:00:00,2015-02-13,10,5,48,36,99
2015-02-13 11:00:00,2015-02-13,11,9,50,36,99
2015-02-13 06:00:00,2015-02-13,6,5,43,36,99
2015-02-13 07:00:00,2015-02-13,7,2,43,36,99
2015-02-13 08:00:00,2015-02-13,8,3,44,36,99
2015-02-13 09:00:00,2015-02-13,9,4,45,36,99
2015-02-16 10:00:00,2015-02-16,10,7,68,42,91
2015-02-16 11:00:00,2015-02-16,11,19,68,42,91
2015-02-16 06:00:00,2015-02-16,6,2,76,42,91
2015-02-16 07:00:00,2015-02-16,7,2,74,42,91
2015-02-16 08:00:00,2015-02-16,8,2,73,42,91
2015-02-16 09:00:00,2015-02-16,9,4,70,42,91
2015-02-17 10:00:00,2015-02-17,10,10,57,40,70
2015-02-17 11:00:00,2015-02-17,11,19,55,40,70
2015-02-17 06:00:00,2015-02-17,6,2,64,40,70
2015-02-17 07:00:00,2015-02-17,7,2,63,40,70
2015-02-17 08:00:00,2015-02-17,8,2,61,40,70
2015-02-17 09:00:00,2015-02-17,9,4,60,40,70
2015-02-18 10:00:00,2015-02-18,10,11,61,105,80
2015-02-18 11:00:00,2015-02-18,11,21,60,105,80
2015-02-18 06:00:00,2015-02-18,6,2,54,105,80
2015-02-18 07:00:00,2015-02-18,7,2,55,105,80
2015-02-18 08:00:00,2015-02-18,8,3,57,105,80
2015-02-18 09:00:00,2015-02-18,9,4,60,105,80
2015-02-19 10:00:00,2015-02-19,10,10,78,120,83
2015-02-19 11:00:00,2015-02-19,11,19,83,120,83
2015-02-19 06:00:00,2015-02-19,6,6,77,120,83
2015-02-19 07:00:00,2015-02-19,7,2,77,120,83
2015-02-19 08:00:00,2015-02-19,8,3,77,120,83
2015-02-19 09:00:00,2015-02-19,9,5,77,120,83
2015-02-20 10:00:00,2015-02-20,10,11,93,117,94
2015-02-20 11:00:00,2015-02-20,11,25,90,117,94
2015-02-20 06:00:00,2015-02-20,6,2,87,117,94
2015-02-20 07:00:00,2015-02-20,7,2,88,117,94
2015-02-20 08:00:00,2015-02-20,8,2,91,117,94
2015-02-20 09:00:00,2015-02-20,9,4,93,117,94
2015-02-23 10:00:00,2015-02-23,10,10,55,59,77
2015-02-23 11:00:00,2015-02-23,11,19,54,59,77
2015-02-23 06:00:00,2015-02-23,6,2,60,59,77
2015-02-23 07:00:00,2015-02-23,7,3,57,59,77
2015-02-23 08:00:00,2015-02-23,8,3,55,59,77
2015-02-23 09:00:00,2015-02-23,9,4,55,59,77
2015-02-24 10:00:00,2015-02-24,10,10,91,113,102
2015-02-24 11:00:00,2015-02-24,11,21,96,113,102
2015-02-24 06:00:00,2015-02-24,6,2,83,113,102
2015-02-24 07:00:00,2015-02-24,7,2,86,113,102
2015-02-24 08:00:00,2015-02-24,8,3,88,113,102
2015-02-24 09:00:00,2015-02-24,9,5,88,113,102
2015-02-25 10:00:00,2015-02-25,10,13,103,49,103
2015-02-25 11:00:00,2015-02-25,11,26,102,49,103
2015-02-25 06:00:00,2015-02-25,6,4,103,49,103
2015-02-25 07:00:00,2015-02-25,7,3,103,49,103
2015-02-25 08:00:00,2015-02-25,8,3,103,49,103
2015-02-25 09:00:00,2015-02-25,9,6,103,49,103
2015-02-26 10:00:00,2015-02-26,10,17,81,61,90
2015-02-26 11:00:00,2015-02-26,11,34,83,61,90
2015-02-26 06:00:00,2015-02-26,6,8,78,61,90
2015-02-26 07:00:00,2015-02-26,7,4,84,61,90
2015-02-26 08:00:00,2015-02-26,8,3,84,61,90
2015-02-26 09:00:00,2015-02-26,9,9,83,61,90
2015-02-27 10:00:00,2015-02-27,10,13,76,39,78
2015-02-27 11:00:00,2015-02-27,11,22,77,39,78
2015-02-27 06:00:00,2015-02-27,6,3,77,39,78
2015-02-27 07:00:00,2015-02-27,7,2,70,39,78
2015-02-27 08:00:00,2015-02-27,8,3,71,39,78
2015-02-27 09:00:00,2015-02-27,9,5,73,39,78
2015-03-02 10:00:00,2015-03-02,10,14,83,121,91
2015-03-02 11:00:00,2015-03-02,11,26,83,121,91
2015-03-02 06:00:00,2015-03-02,6,4,68,121,91
2015-03-02 07:00:00,2015-03-02,7,2,70,121,91
2015-03-02 08:00:00,2015-03-02,8,3,74,121,91
2015-03-02 09:00:00,2015-03-02,9,7,80,121,91
2015-03-03 10:00:00,2015-03-03,10,12,91,147,101
2015-03-03 11:00:00,2015-03-03,11,26,93,147,101
2015-03-03 06:00:00,2015-03-03,6,2,97,147,101
2015-03-03 07:00:00,2015-03-03,7,2,96,147,101
2015-03-03 08:00:00,2015-03-03,8,3,94,147,101
2015-03-03 09:00:00,2015-03-03,9,6,91,147,101
2015-03-04 10:00:00,2015-03-04,10,14,100,135,103
2015-03-04 11:00:00,2015-03-04,11,26,100,135,103
2015-03-04 06:00:00,2015-03-04,6,9,101,135,103
2015-03-04 07:00:00,2015-03-04,7,4,101,135,103
2015-03-04 08:00:00,2015-03-04,8,3,101,135,103
2015-03-04 09:00:00,2015-03-04,9,6,101,135,103
2015-03-05 10:00:00,2015-03-05,10,14,94,57,101
2015-03-05 11:00:00,2015-03-05,11,24,90,57,101
2015-03-05 06:00:00,2015-03-05,6,3,97,57,101
2015-03-05 07:00:00,2015-03-05,7,2,97,57,101
2015-03-05 08:00:00,2015-03-05,8,3,96,57,101
2015-03-05 09:00:00,2015-03-05,9,6,94,57,101
2015-03-06 10:00:00,2015-03-06,10,11,97,102,102
2015-03-06 11:00:00,2015-03-06,11,17,96,102,102
2015-03-06 06:00:00,2015-03-06,6,3,94,102,102
2015-03-06 07:00:00,2015-03-06,7,2,94,102,102
2015-03-06 08:00:00,2015-03-06,8,2,94,102,102
2015-03-06 09:00:00,2015-03-06,9,4,96,102,102
2015-03-09 10:00:00,2015-03-09,10,13,57,84,60
2015-03-09 11:00:00,2015-03-09,11,25,57,84,60
2015-03-09 06:00:00,2015-03-09,6,2,55,84,60
2015-03-09 07:00:00,2015-03-09,7,2,55,84,60
2015-03-09 08:00:00,2015-03-09,8,3,55,84,60
2015-03-09 09:00:00,2015-03-09,9,8,55,84,60
2015-03-10 10:00:00,2015-03-10,10,16,64,34,64
2015-03-10 11:00:00,2015-03-10,11,27,64,34,64
2015-03-10 06:00:00,2015-03-10,6,5,64,34,64
2015-03-10 07:00:00,2015-03-10,7,2,63,34,64
2015-03-10 08:00:00,2015-03-10,8,3,63,34,64
2015-03-10 09:00:00,2015-03-10,9,8,64,34,64
2015-03-11 10:00:00,2015-03-11,10,14,45,36,57
2015-03-11 11:00:00,2015-03-11,11,22,45,36,57
2015-03-11 06:00:00,2015-03-11,6,6,48,36,57
2015-03-11 07:00:00,2015-03-11,7,3,48,36,57
2015-03-11 08:00:00,2015-03-11,8,3,48,36,57
2015-03-11 09:00:00,2015-03-11,9,8,48,36,57
2015-03-12 10:00:00,2015-03-12,10,17,31,26,36
2015-03-12 11:00:00,2015-03-12,11,19,29,26,36
2015-03-12 06:00:00,2015-03-12,6,11,33,26,36
2015-03-12 07:00:00,2015-03-12,7,3,34,26,36
2015-03-12 08:00:00,2015-03-12,8,3,33,26,36
2015-03-12 09:00:00,2015-03-12,9,7,33,26,36
2015-03-13 10:00:00,2015-03-13,10,18,25,24,26
2015-03-13 11:00:00,2015-03-13,11,21,25,24,26
2015-03-13 06:00:00,2015-03-13,6,12,23,24,26
2015-03-13 07:00:00,2015-03-13,7,5,21,24,26
2015-03-13 08:00:00,2015-03-13,8,4,23,24,26
2015-03-13 09:00:00,2015-03-13,9,12,24,24,26
2015-03-16 10:00:00,2015-03-16,10,15,45,31,49
2015-03-16 11:00:00,2015-03-16,11,25,48,31,49
2015-03-16 06:00:00,2015-03-16,6,2,41,31,49
2015-03-16 07:00:00,2015-03-16,7,2,43,31,49
2015-03-16 08:00:00,2015-03-16,8,4,44,31,49
2015-03-16 09:00:00,2015-03-16,9,6,44,31,49
2015-03-17 10:00:00,2015-03-17,10,14,39,44,49
2015-03-17 11:00:00,2015-03-17,11,26,38,44,49
2015-03-17 06:00:00,2015-03-17,6,8,34,44,49
2015-03-17 07:00:00,2015-03-17,7,2,34,44,49
2015-03-17 08:00:00,2015-03-17,8,3,35,44,49
2015-03-17 09:00:00,2015-03-17,9,6,38,44,49
2015-03-18 10:00:00,2015-03-18,10,14,50,78,55
2015-03-18 11:00:00,2015-03-18,11,26,50,78,55
2015-03-18 06:00:00,2015-03-18,6,3,52,78,55
2015-03-18 07:00:00,2015-03-18,7,2,54,78,55
2015-03-18 08:00:00,2015-03-18,8,3,52,78,55
2015-03-18 09:00:00,2015-03-18,9,6,51,78,55
2015-03-19 10:00:00,2015-03-19,10,13,48,69,63
2015-03-19 11:00:00,2015-03-19,11,23,50,69,63
2015-03-19 06:00:00,2015-03-19,6,4,48,69,63
2015-03-19 07:00:00,2015-03-19,7,2,49,69,63
2015-03-19 08:00:00,2015-03-19,8,3,49,69,63
2015-03-19 09:00:00,2015-03-19,9,6,49,69,63
2015-03-20 10:00:00,2015-03-20,10,16,86,67,87
2015-03-20 11:00:00,2015-03-20,11,36,86,67,87
2015-03-20 06:00:00,2015-03-20,6,3,76,67,87
2015-03-20 07:00:00,2015-03-20,7,2,77,67,87
2015-03-20 08:00:00,2015-03-20,8,3,80,67,87
2015-03-20 09:00:00,2015-03-20,9,6,83,67,87
2015-03-23 10:00:00,2015-03-23,10,7,52,65,61
2015-03-23 11:00:00,2015-03-23,11,19,54,65,61
2015-03-23 06:00:00,2015-03-23,6,9,48,65,61
2015-03-23 07:00:00,2015-03-23,7,3,49,65,61
2015-03-23 08:00:00,2015-03-23,8,3,50,65,61
2015-03-23 09:00:00,2015-03-23,9,4,50,65,61
2015-03-24 10:00:00,2015-03-24,10,9,46,48,57
2015-03-24 11:00:00,2015-03-24,11,21,46,48,57
2015-03-24 06:00:00,2015-03-24,6,4,50,48,57
2015-03-24 07:00:00,2015-03-24,7,2,49,48,57
2015-03-24 08:00:00,2015-03-24,8,3,49,48,57
2015-03-24 09:00:00,2015-03-24,9,4,48,48,57
2015-03-25 10:00:00,2015-03-25,10,17,51,46,51
2015-03-25 11:00:00,2015-03-25,11,29,51,46,51
2015-03-25 06:00:00,2015-03-25,6,2,48,46,51
2015-03-25 07:00:00,2015-03-25,7,2,48,46,51
2015-03-25 08:00:00,2015-03-25,8,3,49,46,51
2015-03-25 09:00:00,2015-03-25,9,9,49,46,51
2015-03-26 10:00:00,2015-03-26,10,17,40,40,44
2015-03-26 11:00:00,2015-03-26,11,23,39,40,44
2015-03-26 06:00:00,2015-03-26,6,2,41,40,44
2015-03-26 07:00:00,2015-03-26,7,3,41,40,44
2015-03-26 08:00:00,2015-03-26,8,3,41,40,44
2015-03-26 09:00:00,2015-03-26,9,9,40,40,44
2015-03-27 10:00:00,2015-03-27,10,10,44,44,57
2015-03-27 11:00:00,2015-03-27,11,19,45,44,57
2015-03-27 06:00:00,2015-03-27,6,2,43,44,57
2015-03-27 07:00:00,2015-03-27,7,2,44,44,57
2015-03-27 08:00:00,2015-03-27,8,3,43,44,57
2015-03-27 09:00:00,2015-03-27,9,4,44,44,57
2015-03-30 10:00:00,2015-03-30,10,16,44,76,48
2015-03-30 11:00:00,2015-03-30,11,31,46,76,48
2015-03-30 06:00:00,2015-03-30,6,2,38,76,48
2015-03-30 07:00:00,2015-03-30,7,2,39,76,48
2015-03-30 08:00:00,2015-03-30,8,4,40,76,48
2015-03-30 09:00:00,2015-03-30,9,7,43,76,48
2015-03-31 10:00:00,2015-03-31,10,18,50,107,65
2015-03-31 11:00:00,2015-03-31,11,31,50,107,65
2015-03-31 06:00:00,2015-03-31,6,2,46,107,65
2015-03-31 07:00:00,2015-03-31,7,2,48,107,65
2015-03-31 08:00:00,2015-03-31,8,3,49,107,65
2015-03-31 09:00:00,2015-03-31,9,8,50,107,65
2015-04-01 10:00:00,2015-04-01,10,20,64,124,76
2015-04-01 11:00:00,2015-04-01,11,41,65,124,76
2015-04-01 06:00:00,2015-04-01,6,5,67,124,76
2015-04-01 07:00:00,2015-04-01,7,4,67,124,76
2015-04-01 08:00:00,2015-04-01,8,4,65,124,76
2015-04-01 09:00:00,2015-04-01,9,11,65,124,76
2015-04-02 10:00:00,2015-04-02,10,19,77,92,80
2015-04-02 11:00:00,2015-04-02,11,39,80,92,80
2015-04-02 06:00:00,2015-04-02,6,2,76,92,80
2015-04-02 07:00:00,2015-04-02,7,2,77,92,80
2015-04-02 08:00:00,2015-04-02,8,3,76,92,80
2015-04-02 09:00:00,2015-04-02,9,6,76,92,80
2015-04-03 10:00:00,2015-04-03,10,26,65,108,74
2015-04-03 11:00:00,2015-04-03,11,44,65,108,74
2015-04-03 06:00:00,2015-04-03,6,2,73,108,74
2015-04-03 07:00:00,2015-04-03,7,2,71,108,74
2015-04-03 08:00:00,2015-04-03,8,6,70,108,74
2015-04-03 09:00:00,2015-04-03,9,16,68,108,74
2015-04-06 10:00:00,2015-04-06,10,8,55,104,68
2015-04-06 11:00:00,2015-04-06,11,16,58,104,68
2015-04-06 06:00:00,2015-04-06,6,7,50,104,68
2015-04-06 07:00:00,2015-04-06,7,2,51,104,68
2015-04-06 08:00:00,2015-04-06,8,3,52,104,68
2015-04-06 09:00:00,2015-04-06,9,4,54,104,68
2015-04-07 10:00:00,2015-04-07,10,9,68,122,74
2015-04-07 11:00:00,2015-04-07,11,21,67,122,74
2015-04-07 06:00:00,2015-04-07,6,6,68,122,74
2015-04-07 07:00:00,2015-04-07,7,3,68,122,74
2015-04-07 08:00:00,2015-04-07,8,3,68,122,74
2015-04-07 09:00:00,2015-04-07,9,4,68,122,74
2015-04-08 10:00:00,2015-04-08,10,10,76,136,81
2015-04-08 11:00:00,2015-04-08,11,17,76,136,81
2015-04-08 06:00:00,2015-04-08,6,9,77,136,81
2015-04-08 07:00:00,2015-04-08,7,3,77,136,81
2015-04-08 08:00:00,2015-04-08,8,3,77,136,81
2015-04-08 09:00:00,2015-04-08,9,5,76,136,81
2015-04-09 10:00:00,2015-04-09,10,14,86,149,97
2015-04-09 11:00:00,2015-04-09,11,22,88,149,97
2015-04-09 06:00:00,2015-04-09,6,11,83,149,97
2015-04-09 07:00:00,2015-04-09,7,8,83,149,97
2015-04-09 08:00:00,2015-04-09,8,3,83,149,97
2015-04-09 09:00:00,2015-04-09,9,7,83,149,97
2015-04-10 10:00:00,2015-04-10,10,8,91,125,97
2015-04-10 11:00:00,2015-04-10,11,19,93,125,97
2015-04-10 06:00:00,2015-04-10,6,4,88,125,97
2015-04-10 07:00:00,2015-04-10,7,3,90,125,97
2015-04-10 08:00:00,2015-04-10,8,3,91,125,97
2015-04-10 09:00:00,2015-04-10,9,4,91,125,97
2015-04-13 10:00:00,2015-04-13,10,9,68,111,78
2015-04-13 11:00:00,2015-04-13,11,16,70,111,78
2015-04-13 06:00:00,2015-04-13,6,6,65,111,78
2015-04-13 07:00:00,2015-04-13,7,2,67,111,78
2015-04-13 08:00:00,2015-04-13,8,3,67,111,78
2015-04-13 09:00:00,2015-04-13,9,4,67,111,78
2015-04-14 10:00:00,2015-04-14,10,9,87,43,88
2015-04-14 11:00:00,2015-04-14,11,26,88,43,88
2015-04-14 06:00:00,2015-04-14,6,2,81,43,88
2015-04-14 07:00:00,2015-04-14,7,2,83,43,88
2015-04-14 08:00:00,2015-04-14,8,3,83,43,88
2015-04-14 09:00:00,2015-04-14,9,4,84,43,88
2015-04-15 10:00:00,2015-04-15,10,11,81,50,91
2015-04-15 11:00:00,2015-04-15,11,22,84,50,91
2015-04-15 06:00:00,2015-04-15,6,9,78,50,91
2015-04-15 07:00:00,2015-04-15,7,4,78,50,91
2015-04-15 08:00:00,2015-04-15,8,3,80,50,91
2015-04-15 09:00:00,2015-04-15,9,4,80,50,91
2015-04-16 10:00:00,2015-04-16,10,9,76,113,87
2015-04-16 11:00:00,2015-04-16,11,27,76,113,87
2015-04-16 06:00:00,2015-04-16,6,2,77,113,87
2015-04-16 07:00:00,2015-04-16,7,2,76,113,87
2015-04-16 08:00:00,2015-04-16,8,3,76,113,87
2015-04-16 09:00:00,2015-04-16,9,4,74,113,87
2015-04-17 10:00:00,2015-04-17,10,7,83,124,97
2015-04-17 11:00:00,2015-04-17,11,21,83,124,97
2015-04-17 06:00:00,2015-04-17,6,6,78,124,97
2015-04-17 07:00:00,2015-04-17,7,3,80,124,97
2015-04-17 08:00:00,2015-04-17,8,4,78,124,97
2015-04-17 09:00:00,2015-04-17,9,4,84,124,97
2015-04-20 10:00:00,2015-04-20,10,13,51,117,61
2015-04-20 11:00:00,2015-04-20,11,19,50,117,61
2015-04-20 06:00:00,2015-04-20,6,6,54,117,61
2015-04-20 07:00:00,2015-04-20,7,2,52,117,61
2015-04-20 08:00:00,2015-04-20,8,3,52,117,61
2015-04-20 09:00:00,2015-04-20,9,6,51,117,61
2015-04-21 10:00:00,2015-04-21,10,14,80,80,91
2015-04-21 11:00:00,2015-04-21,11,30,83,80,91
2015-04-21 06:00:00,2015-04-21,6,4,70,80,91
2015-04-21 07:00:00,2015-04-21,7,3,73,80,91
2015-04-21 08:00:00,2015-04-21,8,3,76,80,91
2015-04-21 09:00:00,2015-04-21,9,5,77,80,91
2015-04-22 10:00:00,2015-04-22,10,6,90,125,93
2015-04-22 11:00:00,2015-04-22,11,18,90,125,93
2015-04-22 06:00:00,2015-04-22,6,6,90,125,93
2015-04-22 07:00:00,2015-04-22,7,3,88,125,93
2015-04-22 08:00:00,2015-04-22,8,3,88,125,93
2015-04-22 09:00:00,2015-04-22,9,4,88,125,93
2015-04-23 10:00:00,2015-04-23,10,9,74,86,83
2015-04-23 11:00:00,2015-04-23,11,16,74,86,83
2015-04-23 06:00:00,2015-04-23,6,2,81,86,83
2015-04-23 07:00:00,2015-04-23,7,2,80,86,83
2015-04-23 08:00:00,2015-04-23,8,3,80,86,83
2015-04-23 09:00:00,2015-04-23,9,4,78,86,83
2015-04-24 10:00:00,2015-04-24,10,16,81,55,86
2015-04-24 11:00:00,2015-04-24,11,31,78,55,86
2015-04-24 06:00:00,2015-04-24,6,8,84,55,86
2015-04-24 07:00:00,2015-04-24,7,2,84,55,86
2015-04-24 08:00:00,2015-04-24,8,3,84,55,86
2015-04-24 09:00:00,2015-04-24,9,7,83,55,86
2015-04-27 10:00:00,2015-04-27,10,18,61,115,68
2015-04-27 11:00:00,2015-04-27,11,27,60,115,68
2015-04-27 06:00:00,2015-04-27,6,15,61,115,68
2015-04-27 07:00:00,2015-04-27,7,3,61,115,68
2015-04-27 08:00:00,2015-04-27,8,3,61,115,68
2015-04-27 09:00:00,2015-04-27,9,11,61,115,68
2015-04-28 10:00:00,2015-04-28,10,6,67,120,80
2015-04-28 11:00:00,2015-04-28,11,12,70,120,80
2015-04-28 06:00:00,2015-04-28,6,6,64,120,80
2015-04-28 07:00:00,2015-04-28,7,3,65,120,80
2015-04-28 08:00:00,2015-04-28,8,4,65,120,80
2015-04-28 09:00:00,2015-04-28,9,4,65,120,80
2015-04-29 10:00:00,2015-04-29,10,4,83,22,90
2015-04-29 11:00:00,2015-04-29,11,5,83,22,90
2015-04-29 06:00:00,2015-04-29,6,4,81,22,90
2015-04-29 07:00:00,2015-04-29,7,3,80,22,90
2015-04-29 08:00:00,2015-04-29,8,3,81,22,90
2015-04-29 09:00:00,2015-04-29,9,6,83,22,90
2015-04-30 10:00:00,2015-04-30,10,11,70,61,80
2015-04-30 11:00:00,2015-04-30,11,16,65,61,80
2015-04-30 06:00:00,2015-04-30,6,9,80,61,80
2015-04-30 07:00:00,2015-04-30,7,5,78,61,80
2015-04-30 08:00:00,2015-04-30,8,4,77,61,80
2015-04-30 09:00:00,2015-04-30,9,9,74,61,80
2015-05-01 10:00:00,2015-05-01,10,16,57,82,63
2015-05-01 11:00:00,2015-05-01,11,23,60,82,63
2015-05-01 06:00:00,2015-05-01,6,3,50,82,63
2015-05-01 07:00:00,2015-05-01,7,3,51,82,63
2015-05-01 08:00:00,2015-05-01,8,3,52,82,63
2015-05-01 09:00:00,2015-05-01,9,6,54,82,63
2015-05-04 10:00:00,2015-05-04,10,9,65,117,73
2015-05-04 11:00:00,2015-05-04,11,28,67,117,73
2015-05-04 06:00:00,2015-05-04,6,4,64,117,73
2015-05-04 07:00:00,2015-05-04,7,3,64,117,73
2015-05-04 08:00:00,2015-05-04,8,3,64,117,73
2015-05-04 09:00:00,2015-05-04,9,4,64,117,73
2015-05-05 10:00:00,2015-05-05,10,19,68,156,70
2015-05-05 11:00:00,2015-05-05,11,31,65,156,70
2015-05-05 06:00:00,2015-05-05,6,3,68,156,70
2015-05-05 07:00:00,2015-05-05,7,3,68,156,70
2015-05-05 08:00:00,2015-05-05,8,3,68,156,70
2015-05-05 09:00:00,2015-05-05,9,6,68,156,70
2015-05-06 10:00:00,2015-05-06,10,14,64,106,77
2015-05-06 11:00:00,2015-05-06,11,30,67,106,77
2015-05-06 06:00:00,2015-05-06,6,3,61,106,77
2015-05-06 07:00:00,2015-05-06,7,3,63,106,77
2015-05-06 08:00:00,2015-05-06,8,3,61,106,77
2015-05-06 09:00:00,2015-05-06,9,4,63,106,77
2015-05-07 10:00:00,2015-05-07,10,11,54,103,70
2015-05-07 11:00:00,2015-05-07,11,23,52,103,70
2015-05-07 06:00:00,2015-05-07,6,3,61,103,70
2015-05-07 07:00:00,2015-05-07,7,3,60,103,70
2015-05-07 08:00:00,2015-05-07,8,3,58,103,70
2015-05-07 09:00:00,2015-05-07,9,5,57,103,70
2015-05-08 10:00:00,2015-05-08,10,9,41,49,45
2015-05-08 11:00:00,2015-05-08,11,21,41,49,45
2015-05-08 06:00:00,2015-05-08,6,2,43,49,45
2015-05-08 07:00:00,2015-05-08,7,3,43,49,45
2015-05-08 08:00:00,2015-05-08,8,3,43,49,45
2015-05-08 09:00:00,2015-05-08,9,5,43,49,45
2015-05-11 10:00:00,2015-05-11,10,7,50,107,67
2015-05-11 11:00:00,2015-05-11,11,14,50,107,67
2015-05-11 06:00:00,2015-05-11,6,3,52,107,67
2015-05-11 07:00:00,2015-05-11,7,2,51,107,67
2015-05-11 08:00:00,2015-05-11,8,3,50,107,67
2015-05-11 09:00:00,2015-05-11,9,4,50,107,67
2015-05-12 10:00:00,2015-05-12,10,14,50,53,52
2015-05-12 11:00:00,2015-05-12,11,21,50,53,52
2015-05-12 06:00:00,2015-05-12,6,17,52,53,52
2015-05-12 07:00:00,2015-05-12,7,5,52,53,52
2015-05-12 08:00:00,2015-05-12,8,3,52,53,52
2015-05-12 09:00:00,2015-05-12,9,4,51,53,52
2015-05-13 10:00:00,2015-05-13,10,7,50,104,60
2015-05-13 11:00:00,2015-05-13,11,14,51,104,60
2015-05-13 06:00:00,2015-05-13,6,4,46,104,60
2015-05-13 07:00:00,2015-05-13,7,3,46,104,60
2015-05-13 08:00:00,2015-05-13,8,3,48,104,60
2015-05-13 09:00:00,2015-05-13,9,4,49,104,60
2015-05-14 10:00:00,2015-05-14,10,10,57,113,58
2015-05-14 11:00:00,2015-05-14,11,19,58,113,58
2015-05-14 06:00:00,2015-05-14,6,3,55,113,58
2015-05-14 07:00:00,2015-05-14,7,2,57,113,58
2015-05-14 08:00:00,2015-05-14,8,3,57,113,58
2015-05-14 09:00:00,2015-05-14,9,4,57,113,58
2015-05-15 10:00:00,2015-05-15,10,11,50,100,63
2015-05-15 11:00:00,2015-05-15,11,25,49,100,63
2015-05-15 06:00:00,2015-05-15,6,3,49,100,63
2015-05-15 07:00:00,2015-05-15,7,3,50,100,63
2015-05-15 08:00:00,2015-05-15,8,3,50,100,63
2015-05-15 09:00:00,2015-05-15,9,5,50,100,63
2015-05-18 10:00:00,2015-05-18,10,13,48,80,52
2015-05-18 11:00:00,2015-05-18,11,25,48,80,52
2015-05-18 06:00:00,2015-05-18,6,4,48,80,52
2015-05-18 07:00:00,2015-05-18,7,3,48,80,52
2015-05-18 08:00:00,2015-05-18,8,3,48,80,52
2015-05-18 09:00:00,2015-05-18,9,6,48,80,52
2015-05-19 10:00:00,2015-05-19,10,12,63,132,78
2015-05-19 11:00:00,2015-05-19,11,26,64,132,78
2015-05-19 06:00:00,2015-05-19,6,6,55,132,78
2015-05-19 07:00:00,2015-05-19,7,2,58,132,78
2015-05-19 08:00:00,2015-05-19,8,3,60,132,78
2015-05-19 09:00:00,2015-05-19,9,6,61,132,78
2015-05-20 10:00:00,2015-05-20,10,12,80,115,80
2015-05-20 11:00:00,2015-05-20,11,21,80,115,80
2015-05-20 06:00:00,2015-05-20,6,3,80,115,80
2015-05-20 07:00:00,2015-05-20,7,3,80,115,80
2015-05-20 08:00:00,2015-05-20,8,3,80,115,80
2015-05-20 09:00:00,2015-05-20,9,6,80,115,80
2015-05-21 10:00:00,2015-05-21,10,9,68,108,77
2015-05-21 11:00:00,2015-05-21,11,24,68,108,77
2015-05-21 06:00:00,2015-05-21,6,2,71,108,77
2015-05-21 07:00:00,2015-05-21,7,3,71,108,77
2015-05-21 08:00:00,2015-05-21,8,3,70,108,77
2015-05-21 09:00:00,2015-05-21,9,4,68,108,77
2015-05-22 10:00:00,2015-05-22,10,4,54,101,63
2015-05-22 11:00:00,2015-05-22,11,7,54,101,63
2015-05-22 06:00:00,2015-05-22,6,14,57,101,63
2015-05-22 07:00:00,2015-05-22,7,5,55,101,63
2015-05-22 08:00:00,2015-05-22,8,3,55,101,63
2015-05-22 09:00:00,2015-05-22,9,4,54,101,63
2015-05-25 10:00:00,2015-05-25,10,10,44,125,52
2015-05-25 11:00:00,2015-05-25,11,23,44,125,52
2015-05-25 06:00:00,2015-05-25,6,3,46,125,52
2015-05-25 07:00:00,2015-05-25,7,3,46,125,52
2015-05-25 08:00:00,2015-05-25,8,3,45,125,52
2015-05-25 09:00:00,2015-05-25,9,5,44,125,52
2015-05-26 10:00:00,2015-05-26,10,14,51,50,52
2015-05-26 11:00:00,2015-05-26,11,26,49,50,52
2015-05-26 06:00:00,2015-05-26,6,3,52,50,52
2015-05-26 07:00:00,2015-05-26,7,3,52,50,52
2015-05-26 08:00:00,2015-05-26,8,3,52,50,52
2015-05-26 09:00:00,2015-05-26,9,6,52,50,52
2015-05-27 10:00:00,2015-05-27,10,16,57,113,78
2015-05-27 11:00:00,2015-05-27,11,19,58,113,78
2015-05-27 06:00:00,2015-05-27,6,6,49,113,78
2015-05-27 07:00:00,2015-05-27,7,4,50,113,78
2015-05-27 08:00:00,2015-05-27,8,6,51,113,78
2015-05-27 09:00:00,2015-05-27,9,7,52,113,78
2015-05-28 10:00:00,2015-05-28,10,5,65,69,77
2015-05-28 11:00:00,2015-05-28,11,11,67,69,77
2015-05-28 06:00:00,2015-05-28,6,4,70,69,77
2015-05-28 07:00:00,2015-05-28,7,3,70,69,77
2015-05-28 08:00:00,2015-05-28,8,3,68,69,77
2015-05-28 09:00:00,2015-05-28,9,4,68,69,77
2015-05-29 10:00:00,2015-05-29,10,7,52,127,76
2015-05-29 11:00:00,2015-05-29,11,14,50,127,76
2015-05-29 06:00:00,2015-05-29,6,3,54,127,76
2015-05-29 07:00:00,2015-05-29,7,2,54,127,76
2015-05-29 08:00:00,2015-05-29,8,3,54,127,76
2015-05-29 09:00:00,2015-05-29,9,4,52,127,76
2015-06-01 10:00:00,2015-06-01,10,8,40,46,49
2015-06-01 11:00:00,2015-06-01,11,14,43,46,49
2015-06-01 06:00:00,2015-06-01,6,3,38,46,49
2015-06-01 07:00:00,2015-06-01,7,3,39,46,49
2015-06-01 08:00:00,2015-06-01,8,3,39,46,49
2015-06-01 09:00:00,2015-06-01,9,4,39,46,49
2015-06-02 10:00:00,2015-06-02,10,9,48,105,61
2015-06-02 11:00:00,2015-06-02,11,19,48,105,61
2015-06-02 06:00:00,2015-06-02,6,4,48,105,61
2015-06-02 07:00:00,2015-06-02,7,3,46,105,61
2015-06-02 08:00:00,2015-06-02,8,3,46,105,61
2015-06-02 09:00:00,2015-06-02,9,4,48,105,61
2015-06-03 10:00:00,2015-06-03,10,7,63,101,68
2015-06-03 11:00:00,2015-06-03,11,14,63,101,68
2015-06-03 06:00:00,2015-06-03,6,6,65,101,68
2015-06-03 07:00:00,2015-06-03,7,3,67,101,68
2015-06-03 08:00:00,2015-06-03,8,3,67,101,68
2015-06-03 09:00:00,2015-06-03,9,4,65,101,68
2015-06-04 10:00:00,2015-06-04,10,8,78,104,84
2015-06-04 11:00:00,2015-06-04,11,17,81,104,84
2015-06-04 06:00:00,2015-06-04,6,6,73,104,84
2015-06-04 07:00:00,2015-06-04,7,3,73,104,84
2015-06-04 08:00:00,2015-06-04,8,3,74,104,84
2015-06-04 09:00:00,2015-06-04,9,4,77,104,84
2015-06-05 10:00:00,2015-06-05,10,9,68,38,78
2015-06-05 11:00:00,2015-06-05,11,17,67,38,78
2015-06-05 06:00:00,2015-06-05,6,9,73,38,78
2015-06-05 07:00:00,2015-06-05,7,4,71,38,78
2015-06-05 08:00:00,2015-06-05,8,3,71,38,78
2015-06-05 09:00:00,2015-06-05,9,4,70,38,78
2015-06-08 10:00:00,2015-06-08,10,7,48,63,54
2015-06-08 11:00:00,2015-06-08,11,16,49,63,54
2015-06-08 06:00:00,2015-06-08,6,2,45,63,54
2015-06-08 07:00:00,2015-06-08,7,1,45,63,54
2015-06-08 08:00:00,2015-06-08,8,2,45,63,54
2015-06-08 09:00:00,2015-06-08,9,3,46,63,54
2015-06-09 10:00:00,2015-06-09,10,14,54,122,63
2015-06-09 11:00:00,2015-06-09,11,26,54,122,63
2015-06-09 06:00:00,2015-06-09,6,4,55,122,63
2015-06-09 07:00:00,2015-06-09,7,2,55,122,63
2015-06-09 08:00:00,2015-06-09,8,3,55,122,63
2015-06-09 09:00:00,2015-06-09,9,5,54,122,63
2015-06-10 10:00:00,2015-06-10,10,13,70,143,88
2015-06-10 11:00:00,2015-06-10,11,25,73,143,88
2015-06-10 06:00:00,2015-06-10,6,4,68,143,88
2015-06-10 07:00:00,2015-06-10,7,2,70,143,88
2015-06-10 08:00:00,2015-06-10,8,3,71,143,88
2015-06-10 09:00:00,2015-06-10,9,6,71,143,88
2015-06-11 10:00:00,2015-06-11,10,14,93,124,93
2015-06-11 11:00:00,2015-06-11,11,31,93,124,93
2015-06-11 06:00:00,2015-06-11,6,3,90,124,93
2015-06-11 07:00:00,2015-06-11,7,3,91,124,93
2015-06-11 08:00:00,2015-06-11,8,4,91,124,93
2015-06-11 09:00:00,2015-06-11,9,6,93,124,93
2015-06-12 10:00:00,2015-06-12,10,12,74,108,87
2015-06-12 11:00:00,2015-06-12,11,24,73,108,87
2015-06-12 06:00:00,2015-06-12,6,10,81,108,87
2015-06-12 07:00:00,2015-06-12,7,3,80,108,87
2015-06-12 08:00:00,2015-06-12,8,3,77,108,87
2015-06-12 09:00:00,2015-06-12,9,6,76,108,87
2015-06-15 10:00:00,2015-06-15,10,11,19,27,23
2015-06-15 11:00:00,2015-06-15,11,15,18,27,23
2015-06-15 06:00:00,2015-06-15,6,6,19,27,23
2015-06-15 07:00:00,2015-06-15,7,3,19,27,23
2015-06-15 08:00:00,2015-06-15,8,1,18,27,23
2015-06-15 09:00:00,2015-06-15,9,4,18,27,23
2015-06-16 10:00:00,2015-06-16,10,14,29,67,41
2015-06-16 11:00:00,2015-06-16,11,23,30,67,41
2015-06-16 06:00:00,2015-06-16,6,4,26,67,41
2015-06-16 07:00:00,2015-06-16,7,3,28,67,41
2015-06-16 08:00:00,2015-06-16,8,3,28,67,41
2015-06-16 09:00:00,2015-06-16,9,6,29,67,41
2015-06-17 10:00:00,2015-06-17,10,11,54,115,74
2015-06-17 11:00:00,2015-06-17,11,24,55,115,74
2015-06-17 06:00:00,2015-06-17,6,3,48,115,74
2015-06-17 07:00:00,2015-06-17,7,2,50,115,74
2015-06-17 08:00:00,2015-06-17,8,3,50,115,74
2015-06-17 09:00:00,2015-06-17,9,6,51,115,74
2015-06-18 10:00:00,2015-06-18,10,7,70,26,73
2015-06-18 11:00:00,2015-06-18,11,11,71,26,73
2015-06-18 06:00:00,2015-06-18,6,2,70,26,73
2015-06-18 07:00:00,2015-06-18,7,3,70,26,73
2015-06-18 08:00:00,2015-06-18,8,3,70,26,73
2015-06-18 09:00:00,2015-06-18,9,4,68,26,73
2015-06-19 10:00:00,2015-06-19,10,11,54,41,65
2015-06-19 11:00:00,2015-06-19,11,16,52,41,65
2015-06-19 06:00:00,2015-06-19,6,2,63,41,65
2015-06-19 07:00:00,2015-06-19,7,2,60,41,65
2015-06-19 08:00:00,2015-06-19,8,3,58,41,65
2015-06-19 09:00:00,2015-06-19,9,7,55,41,65
2015-06-22 10:00:00,2015-06-22,10,4,44,78,64
2015-06-22 11:00:00,2015-06-22,11,8,44,78,64
2015-06-22 06:00:00,2015-06-22,6,2,45,78,64
2015-06-22 07:00:00,2015-06-22,7,2,45,78,64
2015-06-22 08:00:00,2015-06-22,8,2,44,78,64
2015-06-22 09:00:00,2015-06-22,9,3,43,78,64
2015-06-23 10:00:00,2015-06-23,10,13,61,63,70
2015-06-23 11:00:00,2015-06-23,11,21,61,63,70
2015-06-23 06:00:00,2015-06-23,6,11,60,63,70
2015-06-23 07:00:00,2015-06-23,7,5,60,63,70
2015-06-23 08:00:00,2015-06-23,8,4,60,63,70
2015-06-23 09:00:00,2015-06-23,9,6,60,63,70
2015-06-24 10:00:00,2015-06-24,10,5,101,44,102
2015-06-24 11:00:00,2015-06-24,11,11,102,44,102
2015-06-24 06:00:00,2015-06-24,6,7,88,44,102
2015-06-24 07:00:00,2015-06-24,7,3,91,44,102
2015-06-24 08:00:00,2015-06-24,8,3,96,44,102
2015-06-24 09:00:00,2015-06-24,9,3,99,44,102
2015-06-25 10:00:00,2015-06-25,10,7,64,57,90
2015-06-25 11:00:00,2015-06-25,11,13,61,57,90
2015-06-25 06:00:00,2015-06-25,6,3,77,57,90
2015-06-25 07:00:00,2015-06-25,7,2,74,57,90
2015-06-25 08:00:00,2015-06-25,8,3,71,57,90
2015-06-25 09:00:00,2015-06-25,9,4,67,57,90
2015-06-26 10:00:00,2015-06-26,10,7,58,73,63
2015-06-26 11:00:00,2015-06-26,11,16,60,73,63
2015-06-26 06:00:00,2015-06-26,6,8,58,73,63
2015-06-26 07:00:00,2015-06-26,7,4,58,73,63
2015-06-26 08:00:00,2015-06-26,8,3,58,73,63
2015-06-26 09:00:00,2015-06-26,9,4,58,73,63
2015-06-29 10:00:00,2015-06-29,10,8,51,90,70
2015-06-29 11:00:00,2015-06-29,11,16,54,90,70
2015-06-29 06:00:00,2015-06-29,6,12,48,90,70
2015-06-29 07:00:00,2015-06-29,7,5,49,90,70
2015-06-29 08:00:00,2015-06-29,8,3,49,90,70
2015-06-29 09:00:00,2015-06-29,9,6,51,90,70
2015-06-30 10:00:00,2015-06-30,10,9,73,82,77
2015-06-30 11:00:00,2015-06-30,11,14,68,82,77
2015-06-30 06:00:00,2015-06-30,6,5,77,82,77
2015-06-30 07:00:00,2015-06-30,7,2,76,82,77
2015-06-30 08:00:00,2015-06-30,8,3,74,82,77
2015-06-30 09:00:00,2015-06-30,9,4,74,82,77
2015-07-01 10:00:00,2015-07-01,10,4,36,53,46
2015-07-01 11:00:00,2015-07-01,11,6,38,53,46
2015-07-01 06:00:00,2015-07-01,6,9,39,53,46
2015-07-01 07:00:00,2015-07-01,7,3,39,53,46
2015-07-01 08:00:00,2015-07-01,8,3,38,53,46
2015-07-01 09:00:00,2015-07-01,9,4,36,53,46
2015-07-02 10:00:00,2015-07-02,10,8,46,47,58
2015-07-02 11:00:00,2015-07-02,11,11,46,47,58
2015-07-02 06:00:00,2015-07-02,6,4,45,47,58
2015-07-02 07:00:00,2015-07-02,7,3,45,47,58
2015-07-02 08:00:00,2015-07-02,8,2,46,47,58
2015-07-02 09:00:00,2015-07-02,9,5,46,47,58
2015-07-03 10:00:00,2015-07-03,10,4,68,96,80
2015-07-03 11:00:00,2015-07-03,11,6,68,96,80
2015-07-03 06:00:00,2015-07-03,6,2,61,96,80
2015-07-03 07:00:00,2015-07-03,7,2,63,96,80
2015-07-03 08:00:00,2015-07-03,8,3,64,96,80
2015-07-03 09:00:00,2015-07-03,9,3,65,96,80
2015-07-06 10:00:00,2015-07-06,10,7,36,119,60
2015-07-06 11:00:00,2015-07-06,11,22,36,119,60
2015-07-06 06:00:00,2015-07-06,6,3,33,119,60
2015-07-06 07:00:00,2015-07-06,7,3,33,119,60
2015-07-06 08:00:00,2015-07-06,8,2,34,119,60
2015-07-06 09:00:00,2015-07-06,9,3,35,119,60
2015-07-07 10:00:00,2015-07-07,10,9,74,86,83
2015-07-07 11:00:00,2015-07-07,11,24,74,86,83
2015-07-07 06:00:00,2015-07-07,6,2,68,86,83
2015-07-07 07:00:00,2015-07-07,7,2,70,86,83
2015-07-07 08:00:00,2015-07-07,8,3,71,86,83
2015-07-07 09:00:00,2015-07-07,9,4,73,86,83
2015-07-08 10:00:00,2015-07-08,10,9,71,88,80
2015-07-08 11:00:00,2015-07-08,11,18,74,88,80
2015-07-08 06:00:00,2015-07-08,6,4,71,88,80
2015-07-08 07:00:00,2015-07-08,7,2,71,88,80
2015-07-08 08:00:00,2015-07-08,8,3,71,88,80
2015-07-08 09:00:00,2015-07-08,9,4,71,88,80
2015-07-09 10:00:00,2015-07-09,10,9,63,88,70
2015-07-09 11:00:00,2015-07-09,11,19,60,88,70
2015-07-09 06:00:00,2015-07-09,6,5,67,88,70
2015-07-09 07:00:00,2015-07-09,7,1,65,88,70
2015-07-09 08:00:00,2015-07-09,8,2,65,88,70
2015-07-09 09:00:00,2015-07-09,9,6,64,88,70
2015-07-10 10:00:00,2015-07-10,10,14,55,51,61
2015-07-10 11:00:00,2015-07-10,11,21,54,51,61
2015-07-10 06:00:00,2015-07-10,6,9,58,51,61
2015-07-10 07:00:00,2015-07-10,7,6,58,51,61
2015-07-10 08:00:00,2015-07-10,8,2,57,51,61
2015-07-10 09:00:00,2015-07-10,9,5,55,51,61
2015-07-13 10:00:00,2015-07-13,10,7,48,101,68
2015-07-13 11:00:00,2015-07-13,11,16,49,101,68
2015-07-13 06:00:00,2015-07-13,6,4,43,101,68
2015-07-13 07:00:00,2015-07-13,7,2,44,101,68
2015-07-13 08:00:00,2015-07-13,8,2,44,101,68
2015-07-13 09:00:00,2015-07-13,9,4,45,101,68
2015-07-14 10:00:00,2015-07-14,10,9,78,116,84
2015-07-14 11:00:00,2015-07-14,11,18,78,116,84
2015-07-14 06:00:00,2015-07-14,6,7,76,116,84
2015-07-14 07:00:00,2015-07-14,7,2,76,116,84
2015-07-14 08:00:00,2015-07-14,8,2,77,116,84
2015-07-14 09:00:00,2015-07-14,9,5,77,116,84
2015-07-15 10:00:00,2015-07-15,10,20,65,122,80
2015-07-15 11:00:00,2015-07-15,11,33,65,122,80
2015-07-15 06:00:00,2015-07-15,6,16,71,122,80
2015-07-15 07:00:00,2015-07-15,7,9,70,122,80
2015-07-15 08:00:00,2015-07-15,8,5,68,122,80
2015-07-15 09:00:00,2015-07-15,9,9,67,122,80
2015-07-16 10:00:00,2015-07-16,10,17,61,106,73
2015-07-16 11:00:00,2015-07-16,11,27,63,106,73
2015-07-16 06:00:00,2015-07-16,6,15,58,106,73
2015-07-16 07:00:00,2015-07-16,7,8,60,106,73
2015-07-16 08:00:00,2015-07-16,8,4,60,106,73
2015-07-16 09:00:00,2015-07-16,9,7,61,106,73
2015-07-17 10:00:00,2015-07-17,10,11,65,61,68
2015-07-17 11:00:00,2015-07-17,11,19,67,61,68
2015-07-17 06:00:00,2015-07-17,6,20,65,61,68
2015-07-17 07:00:00,2015-07-17,7,15,65,61,68
2015-07-17 08:00:00,2015-07-17,8,9,65,61,68
2015-07-17 09:00:00,2015-07-17,9,9,65,61,68
2015-07-20 10:00:00,2015-07-20,10,10,34,102,50
2015-07-20 11:00:00,2015-07-20,11,16,35,102,50
2015-07-20 06:00:00,2015-07-20,6,2,30,102,50
2015-07-20 07:00:00,2015-07-20,7,2,30,102,50
2015-07-20 08:00:00,2015-07-20,8,2,31,102,50
2015-07-20 09:00:00,2015-07-20,9,4,33,102,50
2015-07-21 10:00:00,2015-07-21,10,11,55,90,64
2015-07-21 11:00:00,2015-07-21,11,27,55,90,64
2015-07-21 06:00:00,2015-07-21,6,2,54,90,64
2015-07-21 07:00:00,2015-07-21,7,2,55,90,64
2015-07-21 08:00:00,2015-07-21,8,2,55,90,64
2015-07-21 09:00:00,2015-07-21,9,5,55,90,64
2015-07-22 10:00:00,2015-07-22,10,9,48,96,60
2015-07-22 11:00:00,2015-07-22,11,14,48,96,60
2015-07-22 06:00:00,2015-07-22,6,8,52,96,60
2015-07-22 07:00:00,2015-07-22,7,5,51,96,60
2015-07-22 08:00:00,2015-07-22,8,2,51,96,60
2015-07-22 09:00:00,2015-07-22,9,3,49,96,60
2015-07-23 10:00:00,2015-07-23,10,6,63,101,74
2015-07-23 11:00:00,2015-07-23,11,16,64,101,74
2015-07-23 06:00:00,2015-07-23,6,3,57,101,74
2015-07-23 07:00:00,2015-07-23,7,3,58,101,74
2015-07-23 08:00:00,2015-07-23,8,2,60,101,74
2015-07-23 09:00:00,2015-07-23,9,4,61,101,74
2015-07-24 10:00:00,2015-07-24,10,7,58,110,65
2015-07-24 11:00:00,2015-07-24,11,16,58,110,65
2015-07-24 06:00:00,2015-07-24,6,2,60,110,65
2015-07-24 07:00:00,2015-07-24,7,2,58,110,65
2015-07-24 08:00:00,2015-07-24,8,2,57,110,65
2015-07-24 09:00:00,2015-07-24,9,4,58,110,65
2015-07-27 10:00:00,2015-07-27,10,12,40,86,46
2015-07-27 11:00:00,2015-07-27,11,21,41,86,46
2015-07-27 06:00:00,2015-07-27,6,4,39,86,46
2015-07-27 07:00:00,2015-07-27,7,1,39,86,46
2015-07-27 08:00:00,2015-07-27,8,1,39,86,46
2015-07-27 09:00:00,2015-07-27,9,4,40,86,46
2015-07-28 10:00:00,2015-07-28,10,11,50,96,54
2015-07-28 11:00:00,2015-07-28,11,20,50,96,54
2015-07-28 06:00:00,2015-07-28,6,9,48,96,54
2015-07-28 07:00:00,2015-07-28,7,2,49,96,54
2015-07-28 08:00:00,2015-07-28,8,1,49,96,54
2015-07-28 09:00:00,2015-07-28,9,4,49,96,54
2015-07-29 10:00:00,2015-07-29,10,9,63,94,77
2015-07-29 11:00:00,2015-07-29,11,13,64,94,77
2015-07-29 06:00:00,2015-07-29,6,8,58,94,77
2015-07-29 07:00:00,2015-07-29,7,2,58,94,77
2015-07-29 08:00:00,2015-07-29,8,2,60,94,77
2015-07-29 09:00:00,2015-07-29,9,4,61,94,77
2015-07-30 10:00:00,2015-07-30,10,6,64,55,73
2015-07-30 11:00:00,2015-07-30,11,14,63,55,73
2015-07-30 06:00:00,2015-07-30,6,4,68,55,73
2015-07-30 07:00:00,2015-07-30,7,2,68,55,73
2015-07-30 08:00:00,2015-07-30,8,2,67,55,73
2015-07-30 09:00:00,2015-07-30,9,4,65,55,73
2015-07-31 10:00:00,2015-07-31,10,9,71,63,83
2015-07-31 11:00:00,2015-07-31,11,17,70,63,83
2015-07-31 06:00:00,2015-07-31,6,4,67,63,83
2015-07-31 07:00:00,2015-07-31,7,1,68,63,83
2015-07-31 08:00:00,2015-07-31,8,1,70,63,83
2015-07-31 09:00:00,2015-07-31,9,4,70,63,83
2015-08-03 10:00:00,2015-08-03,10,9,63,96,73
2015-08-03 11:00:00,2015-08-03,11,19,64,96,73
2015-08-03 06:00:00,2015-08-03,6,6,63,96,73
2015-08-03 07:00:00,2015-08-03,7,1,63,96,73
2015-08-03 08:00:00,2015-08-03,8,1,64,96,73
2015-08-03 09:00:00,2015-08-03,9,4,63,96,73
2015-08-04 10:00:00,2015-08-04,10,7,71,103,77
2015-08-04 11:00:00,2015-08-04,11,11,71,103,77
2015-08-04 06:00:00,2015-08-04,6,4,70,103,77
2015-08-04 07:00:00,2015-08-04,7,1,68,103,77
2015-08-04 08:00:00,2015-08-04,8,2,68,103,77
2015-08-04 09:00:00,2015-08-04,9,3,70,103,77
2015-08-05 10:00:00,2015-08-05,10,6,73,73,76
2015-08-05 11:00:00,2015-08-05,11,14,71,73,76
2015-08-05 06:00:00,2015-08-05,6,6,74,73,76
2015-08-05 07:00:00,2015-08-05,7,2,74,73,76
2015-08-05 08:00:00,2015-08-05,8,2,76,73,76
2015-08-05 09:00:00,2015-08-05,9,3,73,73,76
2015-08-06 10:00:00,2015-08-06,10,8,49,104,58
2015-08-06 11:00:00,2015-08-06,11,17,48,104,58
2015-08-06 06:00:00,2015-08-06,6,2,57,104,58
2015-08-06 07:00:00,2015-08-06,7,1,49,104,58
2015-08-06 08:00:00,2015-08-06,8,1,49,104,58
2015-08-06 09:00:00,2015-08-06,9,4,50,104,58
2015-08-07 10:00:00,2015-08-07,10,18,40,110,48
2015-08-07 11:00:00,2015-08-07,11,30,39,110,48
2015-08-07 06:00:00,2015-08-07,6,13,44,110,48
2015-08-07 07:00:00,2015-08-07,7,4,43,110,48
2015-08-07 08:00:00,2015-08-07,8,2,43,110,48
2015-08-07 09:00:00,2015-08-07,9,7,41,110,48
2015-08-10 10:00:00,2015-08-10,10,10,43,46,52
2015-08-10 11:00:00,2015-08-10,11,16,44,46,52
2015-08-10 06:00:00,2015-08-10,6,4,39,46,52
2015-08-10 07:00:00,2015-08-10,7,2,39,46,52
2015-08-10 08:00:00,2015-08-10,8,1,40,46,52
2015-08-10 09:00:00,2015-08-10,9,4,41,46,52
2015-08-11 10:00:00,2015-08-11,10,11,51,43,51
2015-08-11 11:00:00,2015-08-11,11,16,51,43,51
2015-08-11 06:00:00,2015-08-11,6,6,51,43,51
2015-08-11 07:00:00,2015-08-11,7,5,51,43,51
2015-08-11 08:00:00,2015-08-11,8,2,51,43,51
2015-08-11 09:00:00,2015-08-11,9,6,51,43,51
2015-08-12 10:00:00,2015-08-12,10,10,39,30,44
2015-08-12 11:00:00,2015-08-12,11,17,38,30,44
2015-08-12 06:00:00,2015-08-12,6,8,43,30,44
2015-08-12 07:00:00,2015-08-12,7,3,41,30,44
2015-08-12 08:00:00,2015-08-12,8,2,41,30,44
2015-08-12 09:00:00,2015-08-12,9,6,40,30,44
2015-08-13 10:00:00,2015-08-13,10,7,33,39,39
2015-08-13 11:00:00,2015-08-13,11,14,31,39,39
2015-08-13 06:00:00,2015-08-13,6,4,34,39,39
2015-08-13 07:00:00,2015-08-13,7,1,34,39,39
2015-08-13 08:00:00,2015-08-13,8,3,33,39,39
2015-08-13 09:00:00,2015-08-13,9,5,33,39,39
2015-08-14 10:00:00,2015-08-14,10,4,43,103,52
2015-08-14 11:00:00,2015-08-14,11,8,45,103,52
2015-08-14 06:00:00,2015-08-14,6,1,41,103,52
2015-08-14 07:00:00,2015-08-14,7,2,41,103,52
2015-08-14 08:00:00,2015-08-14,8,1,43,103,52
2015-08-14 09:00:00,2015-08-14,9,2,43,103,52
2015-08-17 10:00:00,2015-08-17,10,11,45,82,49
2015-08-17 11:00:00,2015-08-17,11,24,45,82,49
2015-08-17 06:00:00,2015-08-17,6,8,46,82,49
2015-08-17 07:00:00,2015-08-17,7,6,46,82,49
2015-08-17 08:00:00,2015-08-17,8,4,46,82,49
2015-08-17 09:00:00,2015-08-17,9,6,46,82,49
2015-08-18 10:00:00,2015-08-18,10,14,50,57,54
2015-08-18 11:00:00,2015-08-18,11,26,50,57,54
2015-08-18 06:00:00,2015-08-18,6,15,45,57,54
2015-08-18 07:00:00,2015-08-18,7,6,46,57,54
2015-08-18 08:00:00,2015-08-18,8,2,48,57,54
2015-08-18 09:00:00,2015-08-18,9,4,49,57,54
2015-08-19 10:00:00,2015-08-19,10,10,38,69,54
2015-08-19 11:00:00,2015-08-19,11,19,38,69,54
2015-08-19 06:00:00,2015-08-19,6,3,52,69,54
2015-08-19 07:00:00,2015-08-19,7,1,51,69,54
2015-08-19 08:00:00,2015-08-19,8,1,40,69,54
2015-08-19 09:00:00,2015-08-19,9,4,39,69,54
2015-08-20 10:00:00,2015-08-20,10,7,46,139,88
2015-08-20 11:00:00,2015-08-20,11,17,49,139,88
2015-08-20 06:00:00,2015-08-20,6,1,41,139,88
2015-08-20 07:00:00,2015-08-20,7,1,43,139,88
2015-08-20 08:00:00,2015-08-20,8,1,44,139,88
2015-08-20 09:00:00,2015-08-20,9,3,44,139,88
2015-08-21 10:00:00,2015-08-21,10,5,83,98,83
2015-08-21 11:00:00,2015-08-21,11,10,81,98,83
2015-08-21 06:00:00,2015-08-21,6,21,81,98,83
2015-08-21 07:00:00,2015-08-21,7,9,83,98,83
2015-08-21 08:00:00,2015-08-21,8,2,83,98,83
2015-08-21 09:00:00,2015-08-21,9,4,81,98,83
2015-08-24 10:00:00,2015-08-24,10,9,34,101,51
2015-08-24 11:00:00,2015-08-24,11,13,38,101,51
2015-08-24 06:00:00,2015-08-24,6,7,33,101,51
2015-08-24 07:00:00,2015-08-24,7,3,33,101,51
2015-08-24 08:00:00,2015-08-24,8,1,34,101,51
2015-08-24 09:00:00,2015-08-24,9,4,35,101,51
2015-08-25 10:00:00,2015-08-25,10,14,52,31,52
2015-08-25 11:00:00,2015-08-25,11,19,49,31,52
2015-08-25 06:00:00,2015-08-25,6,12,51,31,52
2015-08-25 07:00:00,2015-08-25,7,6,51,31,52
2015-08-25 08:00:00,2015-08-25,8,4,51,31,52
2015-08-25 09:00:00,2015-08-25,9,7,51,31,52
2015-08-26 10:00:00,2015-08-26,10,12,30,31,34
2015-08-26 11:00:00,2015-08-26,11,20,31,31,34
2015-08-26 06:00:00,2015-08-26,6,13,30,31,34
2015-08-26 07:00:00,2015-08-26,7,6,30,31,34
2015-08-26 08:00:00,2015-08-26,8,5,30,31,34
2015-08-26 09:00:00,2015-08-26,9,9,31,31,34
2015-08-27 10:00:00,2015-08-27,10,18,34,59,38
2015-08-27 11:00:00,2015-08-27,11,31,34,59,38
2015-08-27 06:00:00,2015-08-27,6,12,35,59,38
2015-08-27 07:00:00,2015-08-27,7,9,35,59,38
2015-08-27 08:00:00,2015-08-27,8,3,35,59,38
2015-08-27 09:00:00,2015-08-27,9,9,34,59,38
2015-08-28 10:00:00,2015-08-28,10,11,39,43,40
2015-08-28 11:00:00,2015-08-28,11,16,39,43,40
2015-08-28 06:00:00,2015-08-28,6,12,39,43,40
2015-08-28 07:00:00,2015-08-28,7,6,39,43,40
2015-08-28 08:00:00,2015-08-28,8,3,39,43,40
2015-08-28 09:00:00,2015-08-28,9,5,39,43,40
2015-08-31 10:00:00,2015-08-31,10,4,33,67,46
2015-08-31 11:00:00,2015-08-31,11,12,35,67,46
2015-08-31 06:00:00,2015-08-31,6,1,30,67,46
2015-08-31 07:00:00,2015-08-31,7,1,30,67,46
2015-08-31 08:00:00,2015-08-31,8,1,30,67,46
2015-08-31 09:00:00,2015-08-31,9,1,31,67,46
2015-09-01 10:00:00,2015-09-01,10,11,63,105,73
2015-09-01 11:00:00,2015-09-01,11,24,64,105,73
2015-09-01 06:00:00,2015-09-01,6,1,57,105,73
2015-09-01 07:00:00,2015-09-01,7,1,57,105,73
2015-09-01 08:00:00,2015-09-01,8,1,60,105,73
2015-09-01 09:00:00,2015-09-01,9,3,61,105,73
2015-09-02 10:00:00,2015-09-02,10,6,55,136,71
2015-09-02 11:00:00,2015-09-02,11,14,52,136,71
2015-09-02 06:00:00,2015-09-02,6,26,64,136,71
2015-09-02 07:00:00,2015-09-02,7,14,61,136,71
2015-09-02 08:00:00,2015-09-02,8,3,60,136,71
2015-09-02 09:00:00,2015-09-02,9,3,57,136,71
2015-09-03 10:00:00,2015-09-03,10,7,70,120,83
2015-09-03 11:00:00,2015-09-03,11,13,73,120,83
2015-09-03 06:00:00,2015-09-03,6,6,61,120,83
2015-09-03 07:00:00,2015-09-03,7,4,63,120,83
2015-09-03 08:00:00,2015-09-03,8,1,67,120,83
2015-09-03 09:00:00,2015-09-03,9,3,67,120,83
2015-09-04 10:00:00,2015-09-04,10,4,74,115,80
2015-09-04 11:00:00,2015-09-04,11,10,73,115,80
2015-09-04 06:00:00,2015-09-04,6,1,77,115,80
2015-09-04 07:00:00,2015-09-04,7,1,77,115,80
2015-09-04 08:00:00,2015-09-04,8,1,76,115,80
2015-09-04 09:00:00,2015-09-04,9,2,76,115,80
2015-09-07 10:00:00,2015-09-07,10,6,45,111,50
2015-09-07 11:00:00,2015-09-07,11,17,46,111,50
2015-09-07 06:00:00,2015-09-07,6,1,45,111,50
2015-09-07 07:00:00,2015-09-07,7,1,45,111,50
2015-09-07 08:00:00,2015-09-07,8,1,45,111,50
2015-09-07 09:00:00,2015-09-07,9,4,45,111,50
2015-09-08 10:00:00,2015-09-08,10,8,54,129,76
2015-09-08 11:00:00,2015-09-08,11,18,55,129,76
2015-09-08 06:00:00,2015-09-08,6,1,51,129,76
2015-09-08 07:00:00,2015-09-08,7,1,50,129,76
2015-09-08 08:00:00,2015-09-08,8,1,51,129,76
2015-09-08 09:00:00,2015-09-08,9,3,52,129,76
2015-09-09 10:00:00,2015-09-09,10,10,80,112,81
2015-09-09 11:00:00,2015-09-09,11,16,78,112,81
2015-09-09 06:00:00,2015-09-09,6,5,78,112,81
2015-09-09 07:00:00,2015-09-09,7,2,80,112,81
2015-09-09 08:00:00,2015-09-09,8,1,80,112,81
2015-09-09 09:00:00,2015-09-09,9,4,81,112,81
2015-09-10 10:00:00,2015-09-10,10,8,58,112,68
2015-09-10 11:00:00,2015-09-10,11,19,60,112,68
2015-09-10 06:00:00,2015-09-10,6,13,64,112,68
2015-09-10 07:00:00,2015-09-10,7,3,61,112,68
2015-09-10 08:00:00,2015-09-10,8,2,60,112,68
2015-09-10 09:00:00,2015-09-10,9,4,58,112,68
2015-09-11 10:00:00,2015-09-11,10,12,55,45,61
2015-09-11 11:00:00,2015-09-11,11,23,54,45,61
2015-09-11 06:00:00,2015-09-11,6,8,55,45,61
2015-09-11 07:00:00,2015-09-11,7,2,55,45,61
2015-09-11 08:00:00,2015-09-11,8,1,55,45,61
2015-09-11 09:00:00,2015-09-11,9,4,55,45,61
2015-09-14 10:00:00,2015-09-14,10,4,51,53,61
2015-09-14 11:00:00,2015-09-14,11,7,51,53,61
2015-09-14 06:00:00,2015-09-14,6,7,50,53,61
2015-09-14 07:00:00,2015-09-14,7,3,50,53,61
2015-09-14 08:00:00,2015-09-14,8,2,50,53,61
2015-09-14 09:00:00,2015-09-14,9,2,50,53,61
2015-09-15 10:00:00,2015-09-15,10,4,63,126,68
2015-09-15 11:00:00,2015-09-15,11,16,63,126,68
2015-09-15 06:00:00,2015-09-15,6,2,61,126,68
2015-09-15 07:00:00,2015-09-15,7,2,61,126,68
2015-09-15 08:00:00,2015-09-15,8,1,61,126,68
2015-09-15 09:00:00,2015-09-15,9,2,63,126,68
2015-09-16 10:00:00,2015-09-16,10,6,70,38,71
2015-09-16 11:00:00,2015-09-16,11,10,68,38,71
2015-09-16 06:00:00,2015-09-16,6,7,71,38,71
2015-09-16 07:00:00,2015-09-16,7,5,71,38,71
2015-09-16 08:00:00,2015-09-16,8,2,71,38,71
2015-09-16 09:00:00,2015-09-16,9,4,71,38,71
2015-09-17 10:00:00,2015-09-17,10,5,34,105,51
2015-09-17 11:00:00,2015-09-17,11,8,34,105,51
2015-09-17 06:00:00,2015-09-17,6,4,39,105,51
2015-09-17 07:00:00,2015-09-17,7,1,38,105,51
2015-09-17 08:00:00,2015-09-17,8,1,36,105,51
2015-09-17 09:00:00,2015-09-17,9,2,35,105,51
2015-09-18 10:00:00,2015-09-18,10,7,52,136,73
2015-09-18 11:00:00,2015-09-18,11,15,55,136,73
2015-09-18 06:00:00,2015-09-18,6,1,48,136,73
2015-09-18 07:00:00,2015-09-18,7,1,48,136,73
2015-09-18 08:00:00,2015-09-18,8,1,49,136,73
2015-09-18 09:00:00,2015-09-18,9,3,51,136,73
2015-09-21 10:00:00,2015-09-21,10,4,43,67,46
2015-09-21 11:00:00,2015-09-21,11,5,44,67,46
2015-09-21 06:00:00,2015-09-21,6,3,40,67,46
2015-09-21 07:00:00,2015-09-21,7,1,40,67,46
2015-09-21 08:00:00,2015-09-21,8,2,40,67,46
2015-09-21 09:00:00,2015-09-21,9,2,43,67,46
2015-09-22 10:00:00,2015-09-22,10,9,30,84,50
2015-09-22 11:00:00,2015-09-22,11,17,30,84,50
2015-09-22 06:00:00,2015-09-22,6,8,50,84,50
2015-09-22 07:00:00,2015-09-22,7,4,50,84,50
2015-09-22 08:00:00,2015-09-22,8,4,33,84,50
2015-09-22 09:00:00,2015-09-22,9,6,31,84,50
2015-09-23 10:00:00,2015-09-23,10,6,60,67,64
2015-09-23 11:00:00,2015-09-23,11,18,61,67,64
2015-09-23 06:00:00,2015-09-23,6,2,50,67,64
2015-09-23 07:00:00,2015-09-23,7,2,51,67,64
2015-09-23 08:00:00,2015-09-23,8,2,52,67,64
2015-09-23 09:00:00,2015-09-23,9,3,57,67,64
2015-09-24 10:00:00,2015-09-24,10,3,60,46,64
2015-09-24 11:00:00,2015-09-24,11,7,60,46,64
2015-09-24 06:00:00,2015-09-24,6,6,63,46,64
2015-09-24 07:00:00,2015-09-24,7,5,63,46,64
2015-09-24 08:00:00,2015-09-24,8,2,61,46,64
2015-09-24 09:00:00,2015-09-24,9,3,60,46,64
2015-09-25 10:00:00,2015-09-25,10,12,49,36,61
2015-09-25 11:00:00,2015-09-25,11,13,45,36,61
2015-09-25 06:00:00,2015-09-25,6,9,60,36,61
2015-09-25 07:00:00,2015-09-25,7,6,57,36,61
2015-09-25 08:00:00,2015-09-25,8,5,54,36,61
2015-09-25 09:00:00,2015-09-25,9,10,51,36,61
2015-09-28 10:00:00,2015-09-28,10,4,34,31,39
2015-09-28 11:00:00,2015-09-28,11,7,34,31,39
2015-09-28 06:00:00,2015-09-28,6,2,39,31,39
2015-09-28 07:00:00,2015-09-28,7,2,39,31,39
2015-09-28 08:00:00,2015-09-28,8,1,39,31,39
2015-09-28 09:00:00,2015-09-28,9,2,34,31,39
2015-09-29 10:00:00,2015-09-29,10,9,39,41,49
2015-09-29 11:00:00,2015-09-29,11,19,40,41,49
2015-09-29 06:00:00,2015-09-29,6,9,38,41,49
2015-09-29 07:00:00,2015-09-29,7,13,38,41,49
2015-09-29 08:00:00,2015-09-29,8,8,39,41,49
2015-09-29 09:00:00,2015-09-29,9,4,38,41,49
2015-09-30 10:00:00,2015-09-30,10,4,57,32,68
2015-09-30 11:00:00,2015-09-30,11,8,58,32,68
2015-09-30 06:00:00,2015-09-30,6,1,51,32,68
2015-09-30 07:00:00,2015-09-30,7,1,51,32,68
2015-09-30 08:00:00,2015-09-30,8,1,52,32,68
2015-09-30 09:00:00,2015-09-30,9,2,55,32,68
2015-10-01 10:00:00,2015-10-01,10,11,61,38,64
2015-10-01 11:00:00,2015-10-01,11,13,60,38,64
2015-10-01 06:00:00,2015-10-01,6,13,63,38,64
2015-10-01 07:00:00,2015-10-01,7,6,61,38,64
2015-10-01 08:00:00,2015-10-01,8,4,64,38,64
2015-10-01 09:00:00,2015-10-01,9,5,63,38,64
2015-10-02 10:00:00,2015-10-02,10,14,50,55,52
2015-10-02 11:00:00,2015-10-02,11,23,52,55,52
2015-10-02 06:00:00,2015-10-02,6,14,49,55,52
2015-10-02 07:00:00,2015-10-02,7,3,49,55,52
2015-10-02 08:00:00,2015-10-02,8,3,48,55,52
2015-10-02 09:00:00,2015-10-02,9,5,48,55,52
2015-10-05 10:00:00,2015-10-05,10,8,78,102,86
2015-10-05 11:00:00,2015-10-05,11,19,80,102,86
2015-10-05 06:00:00,2015-10-05,6,5,68,102,86
2015-10-05 07:00:00,2015-10-05,7,4,71,102,86
2015-10-05 08:00:00,2015-10-05,8,3,73,102,86
2015-10-05 09:00:00,2015-10-05,9,4,74,102,86
2015-10-06 10:00:00,2015-10-06,10,9,80,86,86
2015-10-06 11:00:00,2015-10-06,11,21,80,86,86
2015-10-06 06:00:00,2015-10-06,6,9,83,86,86
2015-10-06 07:00:00,2015-10-06,7,6,81,86,86
2015-10-06 08:00:00,2015-10-06,8,3,81,86,86
2015-10-06 09:00:00,2015-10-06,9,3,81,86,86
2015-10-07 10:00:00,2015-10-07,10,8,78,110,83
2015-10-07 11:00:00,2015-10-07,11,18,77,110,83
2015-10-07 06:00:00,2015-10-07,6,1,83,110,83
2015-10-07 07:00:00,2015-10-07,7,1,81,110,83
2015-10-07 08:00:00,2015-10-07,8,1,80,110,83
2015-10-07 09:00:00,2015-10-07,9,3,80,110,83
2015-10-08 10:00:00,2015-10-08,10,4,91,80,101
2015-10-08 11:00:00,2015-10-08,11,11,97,80,101
2015-10-08 06:00:00,2015-10-08,6,1,80,80,101
2015-10-08 07:00:00,2015-10-08,7,1,81,80,101
2015-10-08 08:00:00,2015-10-08,8,1,83,80,101
2015-10-08 09:00:00,2015-10-08,9,2,86,80,101
2015-10-09 10:00:00,2015-10-09,10,6,93,101,101
2015-10-09 11:00:00,2015-10-09,11,14,88,101,101
2015-10-09 06:00:00,2015-10-09,6,2,99,101,101
2015-10-09 07:00:00,2015-10-09,7,1,99,101,101
2015-10-09 08:00:00,2015-10-09,8,1,97,101,101
2015-10-09 09:00:00,2015-10-09,9,3,96,101,101
2015-10-12 10:00:00,2015-10-12,10,6,64,38,67
2015-10-12 11:00:00,2015-10-12,11,14,67,38,67
2015-10-12 06:00:00,2015-10-12,6,1,57,38,67
2015-10-12 07:00:00,2015-10-12,7,2,58,38,67
2015-10-12 08:00:00,2015-10-12,8,1,60,38,67
2015-10-12 09:00:00,2015-10-12,9,2,63,38,67
2015-10-13 10:00:00,2015-10-13,10,6,52,43,65
2015-10-13 11:00:00,2015-10-13,11,12,54,43,65
2015-10-13 06:00:00,2015-10-13,6,3,51,43,65
2015-10-13 07:00:00,2015-10-13,7,4,51,43,65
2015-10-13 08:00:00,2015-10-13,8,3,51,43,65
2015-10-13 09:00:00,2015-10-13,9,4,52,43,65
2015-10-14 10:00:00,2015-10-14,10,6,61,36,68
2015-10-14 11:00:00,2015-10-14,11,19,61,36,68
2015-10-14 06:00:00,2015-10-14,6,4,64,36,68
2015-10-14 07:00:00,2015-10-14,7,4,63,36,68
2015-10-14 08:00:00,2015-10-14,8,3,63,36,68
2015-10-14 09:00:00,2015-10-14,9,4,61,36,68
2015-10-15 10:00:00,2015-10-15,10,6,40,50,49
2015-10-15 11:00:00,2015-10-15,11,11,38,50,49
2015-10-15 06:00:00,2015-10-15,6,8,46,50,49
2015-10-15 07:00:00,2015-10-15,7,4,45,50,49
2015-10-15 08:00:00,2015-10-15,8,4,44,50,49
2015-10-15 09:00:00,2015-10-15,9,5,43,50,49
2015-10-16 10:00:00,2015-10-16,10,12,40,46,43
2015-10-16 11:00:00,2015-10-16,11,18,40,46,43
2015-10-16 06:00:00,2015-10-16,6,9,38,46,43
2015-10-16 07:00:00,2015-10-16,7,5,39,46,43
2015-10-16 08:00:00,2015-10-16,8,3,38,46,43
2015-10-16 09:00:00,2015-10-16,9,4,39,46,43
2015-10-19 10:00:00,2015-10-19,10,11,23,37,36
2015-10-19 11:00:00,2015-10-19,11,15,23,37,36
2015-10-19 06:00:00,2015-10-19,6,17,24,37,36
2015-10-19 07:00:00,2015-10-19,7,9,24,37,36
2015-10-19 08:00:00,2015-10-19,8,4,25,37,36
2015-10-19 09:00:00,2015-10-19,9,5,24,37,36
2015-10-20 10:00:00,2015-10-20,10,6,51,53,63
2015-10-20 11:00:00,2015-10-20,11,12,55,53,63
2015-10-20 06:00:00,2015-10-20,6,1,45,53,63
2015-10-20 07:00:00,2015-10-20,7,1,45,53,63
2015-10-20 08:00:00,2015-10-20,8,1,46,53,63
2015-10-20 09:00:00,2015-10-20,9,2,49,53,63
2015-10-21 10:00:00,2015-10-21,10,4,63,44,78
2015-10-21 11:00:00,2015-10-21,11,9,61,44,78
2015-10-21 06:00:00,2015-10-21,6,1,60,44,78
2015-10-21 07:00:00,2015-10-21,7,1,63,44,78
2015-10-21 08:00:00,2015-10-21,8,1,61,44,78
2015-10-21 09:00:00,2015-10-21,9,2,61,44,78
2015-10-22 10:00:00,2015-10-22,10,4,77,44,81
2015-10-22 11:00:00,2015-10-22,11,9,77,44,81
2015-10-22 06:00:00,2015-10-22,6,1,80,44,81
2015-10-22 07:00:00,2015-10-22,7,1,80,44,81
2015-10-22 08:00:00,2015-10-22,8,1,80,44,81
2015-10-22 09:00:00,2015-10-22,9,2,78,44,81
2015-10-23 10:00:00,2015-10-23,10,5,34,22,46
2015-10-23 11:00:00,2015-10-23,11,10,33,22,46
2015-10-23 06:00:00,2015-10-23,6,1,40,22,46
2015-10-23 07:00:00,2015-10-23,7,1,39,22,46
2015-10-23 08:00:00,2015-10-23,8,1,38,22,46
2015-10-23 09:00:00,2015-10-23,9,2,36,22,46
2015-10-26 10:00:00,2015-10-26,10,3,55,30,106
2015-10-26 11:00:00,2015-10-26,11,5,57,30,106
2015-10-26 06:00:00,2015-10-26,6,3,51,30,106
2015-10-26 07:00:00,2015-10-26,7,1,51,30,106
2015-10-26 08:00:00,2015-10-26,8,1,52,30,106
2015-10-26 09:00:00,2015-10-26,9,2,54,30,106
2015-10-27 10:00:00,2015-10-27,10,12,107,113,107
2015-10-27 11:00:00,2015-10-27,11,27,107,113,107
2015-10-27 06:00:00,2015-10-27,6,2,107,113,107
2015-10-27 07:00:00,2015-10-27,7,1,106,113,107
2015-10-27 08:00:00,2015-10-27,8,1,107,113,107
2015-10-27 09:00:00,2015-10-27,9,3,107,113,107
2015-10-28 10:00:00,2015-10-28,10,4,84,19,91
2015-10-28 11:00:00,2015-10-28,11,13,86,19,91
2015-10-28 06:00:00,2015-10-28,6,1,81,19,91
2015-10-28 07:00:00,2015-10-28,7,1,83,19,91
2015-10-28 08:00:00,2015-10-28,8,1,83,19,91
2015-10-28 09:00:00,2015-10-28,9,4,84,19,91
2015-10-29 10:00:00,2015-10-29,10,13,80,115,84
2015-10-29 11:00:00,2015-10-29,11,28,78,115,84
2015-10-29 06:00:00,2015-10-29,6,1,81,115,84
2015-10-29 07:00:00,2015-10-29,7,1,80,115,84
2015-10-29 08:00:00,2015-10-29,8,1,80,115,84
2015-10-29 09:00:00,2015-10-29,9,4,81,115,84
2015-10-30 10:00:00,2015-10-30,10,15,50,21,67
2015-10-30 11:00:00,2015-10-30,11,16,46,21,67
2015-10-30 06:00:00,2015-10-30,6,6,60,21,67
2015-10-30 07:00:00,2015-10-30,7,1,57,21,67
2015-10-30 08:00:00,2015-10-30,8,2,55,21,67
2015-10-30 09:00:00,2015-10-30,9,6,52,21,67
2015-11-02 10:00:00,2015-11-02,10,12,58,29,64
2015-11-02 11:00:00,2015-11-02,11,23,63,29,64
2015-11-02 06:00:00,2015-11-02,6,1,50,29,64
2015-11-02 07:00:00,2015-11-02,7,1,50,29,64
2015-11-02 08:00:00,2015-11-02,8,1,52,29,64
2015-11-02 09:00:00,2015-11-02,9,5,55,29,64
2015-11-03 10:00:00,2015-11-03,10,8,63,49,70
2015-11-03 11:00:00,2015-11-03,11,18,60,49,70
2015-11-03 06:00:00,2015-11-03,6,1,67,49,70
2015-11-03 07:00:00,2015-11-03,7,1,68,49,70
2015-11-03 08:00:00,2015-11-03,8,1,70,49,70
2015-11-03 09:00:00,2015-11-03,9,3,65,49,70
2015-11-04 10:00:00,2015-11-04,10,19,57,112,80
2015-11-04 11:00:00,2015-11-04,11,34,58,112,80
2015-11-04 06:00:00,2015-11-04,6,1,55,112,80
2015-11-04 07:00:00,2015-11-04,7,1,55,112,80
2015-11-04 08:00:00,2015-11-04,8,2,54,112,80
2015-11-04 09:00:00,2015-11-04,9,7,55,112,80
2015-11-05 10:00:00,2015-11-05,10,13,80,42,84
2015-11-05 11:00:00,2015-11-05,11,21,84,42,84
2015-11-05 06:00:00,2015-11-05,6,1,78,42,84
2015-11-05 07:00:00,2015-11-05,7,1,77,42,84
2015-11-05 08:00:00,2015-11-05,8,2,78,42,84
2015-11-05 09:00:00,2015-11-05,9,5,78,42,84
2015-11-06 10:00:00,2015-11-06,10,8,87,78,102
2015-11-06 11:00:00,2015-11-06,11,16,86,78,102
2015-11-06 06:00:00,2015-11-06,6,1,80,78,102
2015-11-06 07:00:00,2015-11-06,7,1,81,78,102
2015-11-06 08:00:00,2015-11-06,8,2,83,78,102
2015-11-06 09:00:00,2015-11-06,9,4,84,78,102
2015-11-09 10:00:00,2015-11-09,10,11,30,51,48
2015-11-09 11:00:00,2015-11-09,11,19,30,51,48
2015-11-09 06:00:00,2015-11-09,6,1,26,51,48
2015-11-09 07:00:00,2015-11-09,7,1,26,51,48
2015-11-09 08:00:00,2015-11-09,8,2,28,51,48
2015-11-09 09:00:00,2015-11-09,9,6,29,51,48
2015-11-10 10:00:00,2015-11-10,10,9,74,46,99
2015-11-10 11:00:00,2015-11-10,11,16,80,46,99
2015-11-10 06:00:00,2015-11-10,6,1,55,46,99
2015-11-10 07:00:00,2015-11-10,7,1,58,46,99
2015-11-10 08:00:00,2015-11-10,8,1,64,46,99
2015-11-10 09:00:00,2015-11-10,9,4,68,46,99
2015-11-11 10:00:00,2015-11-11,10,12,84,107,99
2015-11-11 11:00:00,2015-11-11,11,24,81,107,99
2015-11-11 06:00:00,2015-11-11,6,1,97,107,99
2015-11-11 07:00:00,2015-11-11,7,1,94,107,99
2015-11-11 08:00:00,2015-11-11,8,2,91,107,99
2015-11-11 09:00:00,2015-11-11,9,5,87,107,99
2015-11-12 10:00:00,2015-11-12,10,11,90,47,91
2015-11-12 11:00:00,2015-11-12,11,22,88,47,91
2015-11-12 06:00:00,2015-11-12,6,1,90,47,91
2015-11-12 07:00:00,2015-11-12,7,1,90,47,91
2015-11-12 08:00:00,2015-11-12,8,1,91,47,91
2015-11-12 09:00:00,2015-11-12,9,5,91,47,91
2015-11-13 10:00:00,2015-11-13,10,16,63,27,77
2015-11-13 11:00:00,2015-11-13,11,16,60,27,77
2015-11-13 06:00:00,2015-11-13,6,8,74,27,77
2015-11-13 07:00:00,2015-11-13,7,5,73,27,77
2015-11-13 08:00:00,2015-11-13,8,7,70,27,77
2015-11-13 09:00:00,2015-11-13,9,12,65,27,77
2015-11-16 10:00:00,2015-11-16,10,12,46,84,65
2015-11-16 11:00:00,2015-11-16,11,24,49,84,65
2015-11-16 06:00:00,2015-11-16,6,1,43,84,65
2015-11-16 07:00:00,2015-11-16,7,1,43,84,65
2015-11-16 08:00:00,2015-11-16,8,2,43,84,65
2015-11-16 09:00:00,2015-11-16,9,6,44,84,65
2015-11-17 10:00:00,2015-11-17,10,15,74,50,78
2015-11-17 11:00:00,2015-11-17,11,33,73,50,78
2015-11-17 06:00:00,2015-11-17,6,6,73,50,78
2015-11-17 07:00:00,2015-11-17,7,4,74,50,78
2015-11-17 08:00:00,2015-11-17,8,2,76,50,78
2015-11-17 09:00:00,2015-11-17,9,4,74,50,78
2015-11-18 10:00:00,2015-11-18,10,11,87,98,97
2015-11-18 11:00:00,2015-11-18,11,26,90,98,97
2015-11-18 06:00:00,2015-11-18,6,1,81,98,97
2015-11-18 07:00:00,2015-11-18,7,1,83,98,97
2015-11-18 08:00:00,2015-11-18,8,1,83,98,97
2015-11-18 09:00:00,2015-11-18,9,4,84,98,97
2015-11-19 10:00:00,2015-11-19,10,10,102,35,108
2015-11-19 11:00:00,2015-11-19,11,22,102,35,108
2015-11-19 06:00:00,2015-11-19,6,1,91,35,108
2015-11-19 07:00:00,2015-11-19,7,1,91,35,108
2015-11-19 08:00:00,2015-11-19,8,1,99,35,108
2015-11-19 09:00:00,2015-11-19,9,3,102,35,108
2015-11-20 10:00:00,2015-11-20,10,9,102,114,108
2015-11-20 11:00:00,2015-11-20,11,14,101,114,108
2015-11-20 06:00:00,2015-11-20,6,2,106,114,108
2015-11-20 07:00:00,2015-11-20,7,1,106,114,108
2015-11-20 08:00:00,2015-11-20,8,1,105,114,108
2015-11-20 09:00:00,2015-11-20,9,4,103,114,108
2015-11-23 10:00:00,2015-11-23,10,2,73,46,111
2015-11-23 11:00:00,2015-11-23,11,4,80,46,111
2015-11-23 06:00:00,2015-11-23,6,1,51,46,111
2015-11-23 07:00:00,2015-11-23,7,1,55,46,111
2015-11-23 08:00:00,2015-11-23,8,1,60,46,111
2015-11-23 09:00:00,2015-11-23,9,1,65,46,111
2015-11-24 10:00:00,2015-11-24,10,6,108,100,112
2015-11-24 11:00:00,2015-11-24,11,16,107,100,112
2015-11-24 06:00:00,2015-11-24,6,1,110,100,112
2015-11-24 07:00:00,2015-11-24,7,1,110,100,112
2015-11-24 08:00:00,2015-11-24,8,2,109,100,112
2015-11-24 09:00:00,2015-11-24,9,3,108,100,112
2015-11-25 10:00:00,2015-11-25,10,10,97,104,100
2015-11-25 11:00:00,2015-11-25,11,19,97,104,100
2015-11-25 06:00:00,2015-11-25,6,1,99,104,100
2015-11-25 07:00:00,2015-11-25,7,1,99,104,100
2015-11-25 08:00:00,2015-11-25,8,1,97,104,100
2015-11-25 09:00:00,2015-11-25,9,3,97,104,100
2015-11-26 10:00:00,2015-11-26,10,11,78,126,88
2015-11-26 11:00:00,2015-11-26,11,25,80,126,88
2015-11-26 06:00:00,2015-11-26,6,1,80,126,88
2015-11-26 07:00:00,2015-11-26,7,1,80,126,88
2015-11-26 08:00:00,2015-11-26,8,1,80,126,88
2015-11-26 09:00:00,2015-11-26,9,4,78,126,88
2015-11-27 10:00:00,2015-11-27,10,5,100,38,101
2015-11-27 11:00:00,2015-11-27,11,14,101,38,101
2015-11-27 06:00:00,2015-11-27,6,1,88,38,101
2015-11-27 07:00:00,2015-11-27,7,1,91,38,101
2015-11-27 08:00:00,2015-11-27,8,1,94,38,101
2015-11-27 09:00:00,2015-11-27,9,1,97,38,101
2015-11-30 10:00:00,2015-11-30,10,9,80,117,103
2015-11-30 11:00:00,2015-11-30,11,21,86,117,103
2015-11-30 06:00:00,2015-11-30,6,1,63,117,103
2015-11-30 07:00:00,2015-11-30,7,1,65,117,103
2015-11-30 08:00:00,2015-11-30,8,1,70,117,103
2015-11-30 09:00:00,2015-11-30,9,6,74,117,103
2015-12-01 10:00:00,2015-12-01,10,9,106,120,108
2015-12-01 11:00:00,2015-12-01,11,22,107,120,108
2015-12-01 06:00:00,2015-12-01,6,3,106,120,108
2015-12-01 07:00:00,2015-12-01,7,1,106,120,108
2015-12-01 08:00:00,2015-12-01,8,1,106,120,108
2015-12-01 09:00:00,2015-12-01,9,4,107,120,108
2015-12-02 10:00:00,2015-12-02,10,9,110,131,113
2015-12-02 11:00:00,2015-12-02,11,23,110,131,113
2015-12-02 06:00:00,2015-12-02,6,2,109,131,113
2015-12-02 07:00:00,2015-12-02,7,2,109,131,113
2015-12-02 08:00:00,2015-12-02,8,2,109,131,113
2015-12-02 09:00:00,2015-12-02,9,4,109,131,113
2015-12-03 10:00:00,2015-12-03,10,5,102,32,110
2015-12-03 11:00:00,2015-12-03,11,11,101,32,110
2015-12-03 06:00:00,2015-12-03,6,1,107,32,110
2015-12-03 07:00:00,2015-12-03,7,1,106,32,110
2015-12-03 08:00:00,2015-12-03,8,1,105,32,110
2015-12-03 09:00:00,2015-12-03,9,2,103,32,110
2015-12-04 10:00:00,2015-12-04,10,4,71,57,88
2015-12-04 11:00:00,2015-12-04,11,8,73,57,88
2015-12-04 06:00:00,2015-12-04,6,1,67,57,88
2015-12-04 07:00:00,2015-12-04,7,1,65,57,88
2015-12-04 08:00:00,2015-12-04,8,2,65,57,88
2015-12-04 09:00:00,2015-12-04,9,3,68,57,88
2015-12-07 10:00:00,2015-12-07,10,9,87,55,100
2015-12-07 11:00:00,2015-12-07,11,11,84,55,100
2015-12-07 06:00:00,2015-12-07,6,9,94,55,100
2015-12-07 07:00:00,2015-12-07,7,3,93,55,100
2015-12-07 08:00:00,2015-12-07,8,2,90,55,100
2015-12-07 09:00:00,2015-12-07,9,4,88,55,100
2015-12-08 10:00:00,2015-12-08,10,6,97,94,101
2015-12-08 11:00:00,2015-12-08,11,16,100,94,101
2015-12-08 06:00:00,2015-12-08,6,2,91,94,101
2015-12-08 07:00:00,2015-12-08,7,2,96,94,101
2015-12-08 08:00:00,2015-12-08,8,2,96,94,101
2015-12-08 09:00:00,2015-12-08,9,4,97,94,101
2015-12-09 10:00:00,2015-12-09,10,4,102,57,105
2015-12-09 11:00:00,2015-12-09,11,14,102,57,105
2015-12-09 06:00:00,2015-12-09,6,2,101,57,105
2015-12-09 07:00:00,2015-12-09,7,1,101,57,105
2015-12-09 08:00:00,2015-12-09,8,2,101,57,105
2015-12-09 09:00:00,2015-12-09,9,3,102,57,105
2015-12-10 10:00:00,2015-12-10,10,5,105,105,109
2015-12-10 11:00:00,2015-12-10,11,14,106,105,109
2015-12-10 06:00:00,2015-12-10,6,2,104,105,109
2015-12-10 07:00:00,2015-12-10,7,2,105,105,109
2015-12-10 08:00:00,2015-12-10,8,2,105,105,109
2015-12-10 09:00:00,2015-12-10,9,3,105,105,109
2015-12-11 10:00:00,2015-12-11,10,6,114,103,114
2015-12-11 11:00:00,2015-12-11,11,12,114,103,114
2015-12-11 06:00:00,2015-12-11,6,3,114,103,114
2015-12-11 07:00:00,2015-12-11,7,4,114,103,114
2015-12-11 08:00:00,2015-12-11,8,4,114,103,114
2015-12-11 09:00:00,2015-12-11,9,4,114,103,114
2015-12-14 10:00:00,2015-12-14,10,9,48,55,68
2015-12-14 11:00:00,2015-12-14,11,18,49,55,68
2015-12-14 06:00:00,2015-12-14,6,3,40,55,68
2015-12-14 07:00:00,2015-12-14,7,3,41,55,68
2015-12-14 08:00:00,2015-12-14,8,3,43,55,68
2015-12-14 09:00:00,2015-12-14,9,6,45,55,68
2015-12-15 10:00:00,2015-12-15,10,9,65,48,70
2015-12-15 11:00:00,2015-12-15,11,20,67,48,70
2015-12-15 06:00:00,2015-12-15,6,2,68,48,70
2015-12-15 07:00:00,2015-12-15,7,2,65,48,70
2015-12-15 08:00:00,2015-12-15,8,2,67,48,70
2015-12-15 09:00:00,2015-12-15,9,5,65,48,70
2015-12-16 10:00:00,2015-12-16,10,8,70,59,70
2015-12-16 11:00:00,2015-12-16,11,20,70,59,70
2015-12-16 06:00:00,2015-12-16,6,2,60,59,70
2015-12-16 07:00:00,2015-12-16,7,2,61,59,70
2015-12-16 08:00:00,2015-12-16,8,2,64,59,70
2015-12-16 09:00:00,2015-12-16,9,4,67,59,70
2015-12-17 10:00:00,2015-12-17,10,10,63,78,102
2015-12-17 11:00:00,2015-12-17,11,21,61,78,102
2015-12-17 06:00:00,2015-12-17,6,1,64,78,102
2015-12-17 07:00:00,2015-12-17,7,1,64,78,102
2015-12-17 08:00:00,2015-12-17,8,2,64,78,102
2015-12-17 09:00:00,2015-12-17,9,4,64,78,102
2015-12-18 10:00:00,2015-12-18,10,4,99,47,110
2015-12-18 11:00:00,2015-12-18,11,6,101,47,110
2015-12-18 06:00:00,2015-12-18,6,2,97,47,110
2015-12-18 07:00:00,2015-12-18,7,2,97,47,110
2015-12-18 08:00:00,2015-12-18,8,2,99,47,110
2015-12-18 09:00:00,2015-12-18,9,3,99,47,110
2015-12-21 10:00:00,2015-12-21,10,9,107,104,107
2015-12-21 11:00:00,2015-12-21,11,19,107,104,107
2015-12-21 06:00:00,2015-12-21,6,2,105,104,107
2015-12-21 07:00:00,2015-12-21,7,2,105,104,107
2015-12-21 08:00:00,2015-12-21,8,2,106,104,107
2015-12-21 09:00:00,2015-12-21,9,4,106,104,107
2015-12-22 10:00:00,2015-12-22,10,6,101,59,104
2015-12-22 11:00:00,2015-12-22,11,10,101,59,104
2015-12-22 06:00:00,2015-12-22,6,1,102,59,104
2015-12-22 07:00:00,2015-12-22,7,2,102,59,104
2015-12-22 08:00:00,2015-12-22,8,2,102,59,104
2015-12-22 09:00:00,2015-12-22,9,4,101,59,104
2015-12-23 10:00:00,2015-12-23,10,4,102,22,103
2015-12-23 11:00:00,2015-12-23,11,4,102,22,103
2015-12-23 06:00:00,2015-12-23,6,2,102,22,103
2015-12-23 07:00:00,2015-12-23,7,2,102,22,103
2015-12-23 08:00:00,2015-12-23,8,2,102,22,103
2015-12-23 09:00:00,2015-12-23,9,3,102,22,103
2015-12-24 10:00:00,2015-12-24,10,7,109,100,110
2015-12-24 11:00:00,2015-12-24,11,17,110,100,110
2015-12-24 06:00:00,2015-12-24,6,2,107,100,110
2015-12-24 07:00:00,2015-12-24,7,2,107,100,110
2015-12-24 08:00:00,2015-12-24,8,2,108,100,110
2015-12-24 09:00:00,2015-12-24,9,3,108,100,110
2015-12-25 10:00:00,2015-12-25,10,27,119,115,127
2015-12-25 11:00:00,2015-12-25,11,45,126,115,127
2015-12-25 06:00:00,2015-12-25,6,3,112,115,127
2015-12-25 07:00:00,2015-12-25,7,8,113,115,127
2015-12-25 08:00:00,2015-12-25,8,7,113,115,127
2015-12-25 09:00:00,2015-12-25,9,18,117,115,127
2015-12-28 10:00:00,2015-12-28,10,12,50,53,52
2015-12-28 11:00:00,2015-12-28,11,16,51,53,52
2015-12-28 06:00:00,2015-12-28,6,2,44,53,52
2015-12-28 07:00:00,2015-12-28,7,2,44,53,52
2015-12-28 08:00:00,2015-12-28,8,2,46,53,52
2015-12-28 09:00:00,2015-12-28,9,4,49,53,52
2015-12-29 10:00:00,2015-12-29,10,13,52,41,84
2015-12-29 11:00:00,2015-12-29,11,22,52,41,84
2015-12-29 06:00:00,2015-12-29,6,2,49,41,84
2015-12-29 07:00:00,2015-12-29,7,2,50,41,84
2015-12-29 08:00:00,2015-12-29,8,2,51,41,84
2015-12-29 09:00:00,2015-12-29,9,6,52,41,84
2015-12-30 10:00:00,2015-12-30,10,9,70,96,91
2015-12-30 11:00:00,2015-12-30,11,20,76,96,91
2015-12-30 06:00:00,2015-12-30,6,1,76,96,91
2015-12-30 07:00:00,2015-12-30,7,2,76,96,91
2015-12-30 08:00:00,2015-12-30,8,2,74,96,91
2015-12-30 09:00:00,2015-12-30,9,4,71,96,91
2015-12-31 10:00:00,2015-12-31,10,9,100,104,107
2015-12-31 11:00:00,2015-12-31,11,21,101,104,107
2015-12-31 06:00:00,2015-12-31,6,2,93,104,107
2015-12-31 07:00:00,2015-12-31,7,2,94,104,107
2015-12-31 08:00:00,2015-12-31,8,2,96,104,107
2015-12-31 09:00:00,2015-12-31,9,4,97,104,107
